DBCODE,ENTITY,ZONE,SITE,PLOT,YEAR,RICHNESS,PLOTCOVER,HPRIME,EVENNESS,FREQ
TV070,2,HS,BCC,1,1980,6,0.6,1.792,1.000,1.5
TV070,2,HS,BCC,1,1981,15,2.2,2.396,0.885,2.3
TV070,2,HS,BCC,1,1982,16,2.9,2.110,0.772,2.3
TV070,2,HS,BCC,1,1983,15,3.9,1.600,0.591,2.9
TV070,2,HS,BCC,1,1984,16,6.2,1.208,0.436,3.6
TV070,2,HS,BCC,1,1985,15,5.9,1.174,0.434,4.1
TV070,2,HS,BCC,1,1986,16,6.3,1.358,0.490,4.3
TV070,2,HS,BCC,1,1987,16,11.0,1.103,0.398,6.1
TV070,2,HS,BCC,1,1988,17,16.5,1.147,0.405,8.4
TV070,2,HS,BCC,1,1989,19,19.0,1.190,0.404,7.9
TV070,2,HS,BCC,1,1990,17,20.3,1.240,0.438,8.8
TV070,2,HS,BCC,1,1991,17,21.1,1.178,0.416,10.9
TV070,2,HS,BCC,1,1992,17,16.6,1.323,0.467,9.9
TV070,2,HS,BCC,1,1993,17,18.2,1.334,0.471,10.1
TV070,2,HS,BCC,1,1994,18,24.1,1.209,0.418,11.9
TV070,2,HS,BCC,1,1995,17,20.9,1.323,0.467,11.6
TV070,2,HS,BCC,1,1996,17,23.4,1.148,0.523,12.6
TV070,2,HS,BCC,1,1997,17,22.6,1.614,0.570,19.7
TV070,2,HS,BCC,1,1998,16,26.2,1.474,0.532,21.8
TV070,2,HS,BCC,1,1999,20,26.0,1.487,0.496,14.2
TV070,2,HS,BCC,1,2002,22,21.0,1.930,0.610,18.8
TV070,2,HS,BCC,1,2003,24,20.4,2.080,0.650,14.6
TV070,2,HS,BCC,1,2004,18,21.1,2.020,0.700,25.5
TV070,2,HS,BCC,1,2005,17,21.3,1.980,0.700,24.5
TV070,2,HS,BCC,2,1980,2,0.2,0.690,1.000,1.0
TV070,2,HS,BCC,2,1981,4,0.4,1.390,1.000,1.3
TV070,2,HS,BCC,2,1982,4,0.4,1.386,1.000,1.5
TV070,2,HS,BCC,2,1983,5,0.5,1.609,1.000,1.0
TV070,2,HS,BCC,2,1984,4,0.4,1.386,1.000,2.0
TV070,2,HS,BCC,2,1985,6,0.6,1.762,1.000,1.7
TV070,2,HS,BCC,2,1986,8,0.8,2.079,1.000,1.4
TV070,2,HS,BCC,2,1987,8,1.3,1.738,0.836,2.1
TV070,2,HS,BCC,2,1988,10,3.4,1.156,0.680,3.4
TV070,2,HS,BCC,2,1989,11,1.8,2.057,0.858,2.4
TV070,2,HS,BCC,2,1990,13,3.7,1.570,0.613,4.0
TV070,2,HS,BCC,2,1991,16,4.8,1.882,0.679,5.1
TV070,2,HS,BCC,2,1992,16,5.1,1.903,0.686,7.4
TV070,2,HS,BCC,2,1993,16,5.3,2.109,0.761,6.5
TV070,2,HS,BCC,2,1994,17,5.1,1.876,0.662,6.1
TV070,2,HS,BCC,2,1995,17,4.9,1.818,0.642,5.9
TV070,2,HS,BCC,2,1996,18,7.9,1.762,0.610,6.0
TV070,2,HS,BCC,2,1997,18,6.9,2.089,0.723,7.5
TV070,2,HS,BCC,2,1998,17,5.2,2.327,0.821,8.2
TV070,2,HS,BCC,2,2003,16,16.2,1.440,0.520,7.4
TV070,2,HS,BCC,2,2004,16,15.1,1.450,0.520,11.0
TV070,2,HS,BCC,2,2005,14,17.1,1.560,0.590,9.3
TV070,2,HS,BCC,4,1980,6,0.6,1.792,1.000,1.0
TV070,2,HS,BCC,4,1981,7,2.1,1.110,0.571,1.6
TV070,2,HS,BCC,4,1982,8,2.3,1.207,0.580,2.8
TV070,2,HS,BCC,4,1983,8,3.1,0.974,0.468,2.3
TV070,2,HS,BCC,4,1984,9,3.1,1.108,0.504,2.7
TV070,2,HS,BCC,4,1985,10,3.7,1.089,0.473,2.2
TV070,2,HS,BCC,4,1986,12,4.0,1.322,0.532,2.9
TV070,2,HS,BCC,4,1987,12,2.9,1.573,0.633,3.0
TV070,2,HS,BCC,4,1988,16,5.1,1.671,0.603,3.6
TV070,2,HS,BCC,4,1989,19,6.7,1.757,0.597,3.9
TV070,2,HS,BCC,4,1990,18,7.8,1.721,0.595,5.7
TV070,2,HS,BCC,4,1991,18,6.2,2.090,0.723,6.1
TV070,2,HS,BCC,4,1992,21,6.7,2.109,0.693,6.9
TV070,2,HS,BCC,4,1993,20,8.9,2.151,0.718,7.8
TV070,2,HS,BCC,4,1994,21,11.1,1.891,0.621,10.3
TV070,2,HS,BCC,4,1995,19,9.8,1.862,0.632,8.2
TV070,2,HS,BCC,4,1996,21,10.0,2.163,0.711,12.7
TV070,2,HS,BCC,4,1997,19,11.0,1.811,0.615,7.3
TV070,2,HS,BCC,4,1998,21,12.8,1.829,0.601,8.6
TV070,2,HS,BCD,3,1981,2,0.2,0.693,1.000,1.5
TV070,2,HS,BCD,3,1982,3,0.4,1.040,0.946,2.0
TV070,2,HS,BCD,3,1983,4,0.4,1.409,1.000,2.7
TV070,2,HS,BCD,3,1984,5,0.5,1.609,1.000,2.0
TV070,2,HS,BCD,3,1985,7,0.7,1.946,1.000,1.9
TV070,2,HS,BCD,3,1986,6,0.6,1.792,1.000,2.7
TV070,2,HS,BCD,3,1987,6,0.6,1.792,1.000,2.8
TV070,2,HS,BCD,3,1988,10,1.0,2.303,1.000,3.0
TV070,2,HS,BCD,3,1989,12,1.4,2.404,0.967,3.7
TV070,2,HS,BCD,3,1990,9,1.4,1.871,0.852,5.9
TV070,2,HS,BCD,3,1991,11,1.6,2.253,0.939,6.0
TV070,2,HS,BCD,3,1992,12,1.7,2.313,0.931,6.6
TV070,2,HS,BCD,3,1994,13,2.7,2.208,0.861,7.6
TV070,2,HS,BCD,3,1995,13,2.8,2.074,0.809,7.9
TV070,2,HS,BCD,3,1996,15,3.8,2.101,0.776,7.9
TV070,2,HS,BCD,3,1997,14,7.7,1.600,0.637,10.4
TV070,2,HS,BCD,3,1998,16,6.3,1.949,0.793,7.8
TV070,2,HS,BCD,3,2000,14,5.3,2.100,0.790,9.3
TV070,2,HS,BCD,3,2002,11,4.2,1.940,0.810,14.7
TV070,2,HS,BCD,3,2003,12,6.0,1.890,0.760,16.1
TV070,2,HS,BCD,3,2004,12,9.0,1.720,0.690,18.9
TV070,2,HS,BCD,3,2005,13,8.4,1.710,0.670,15.0
TV070,2,HS,BCD,5,1981,14,4.3,1.944,0.737,3.5
TV070,2,HS,BCD,5,1982,19,5.5,2.343,0.796,4.6
TV070,2,HS,BCD,5,1983,18,6.9,2.326,0.805,5.6
TV070,2,HS,BCD,5,1984,20,5.2,2.444,0.816,3.6
TV070,2,HS,BCD,5,1985,18,7.1,2.054,0.712,4.1
TV070,2,HS,BCD,5,1986,19,8.1,2.094,0.711,6.9
TV070,2,HS,BCD,5,1987,19,9.9,2.130,0.723,9.2
TV070,2,HS,BCD,5,1988,19,11.2,2.118,0.719,9.6
TV070,2,HS,BCD,5,1989,22,11.1,2.128,0.688,8.1
TV070,2,HS,BCD,5,1990,19,16.4,1.936,0.658,9.6
TV070,2,HS,BCD,5,1992,22,12.7,1.954,0.632,9.6
TV070,2,HS,BCD,5,1994,16,14.3,1.751,0.631,15.0
TV070,2,HS,BCD,5,1995,17,14.7,1.705,0.602,28.6
TV070,2,HS,BCD,5,1996,20,14.7,1.736,0.579,12.6
TV070,2,HS,BCD,5,1997,18,20.4,1.770,0.612,14.6
TV070,2,HS,BCD,5,1998,20,15.5,1.846,0.616,14.2
TV070,2,HS,BCD,5,2002,18,11.1,2.050,0.710,14.2
TV070,2,HS,BCD,5,2003,22,12.3,2.270,0.740,12.1
TV070,2,HS,BCD,5,2004,18,10.0,2.150,0.750,18.1
TV070,2,HS,BCD,5,2005,17,14.4,2.070,0.730,16.5
TV070,2,L,MF,1,1982,2,0.2,0.693,1.000,1.0
TV070,2,L,MF,1,1983,2,0.2,0.693,1.000,1.0
TV070,2,L,MF,1,1984,8,0.8,2.079,1.000,1.9
TV070,2,L,MF,1,1985,10,1.0,2.303,1.000,1.8
TV070,2,L,MF,1,1986,15,2.1,2.580,0.953,6.8
TV070,2,L,MF,1,1987,15,2.5,2.435,0.899,8.4
TV070,2,L,MF,1,1988,18,3.5,2.413,0.835,10.1
TV070,2,L,MF,1,1989,18,5.0,2.311,0.799,9.0
TV070,2,L,MF,1,1990,17,6.7,2.099,0.741,10.2
TV070,2,L,MF,1,1991,20,9.9,1.994,0.665,10.9
TV070,2,L,MF,1,1992,20,9.1,2.105,0.703,8.4
TV070,2,L,MF,1,1993,22,17.8,1.686,0.545,9.1
TV070,2,L,MF,1,1994,19,17.5,1.565,0.532,11.0
TV070,2,L,MF,1,1995,19,16.9,1.561,0.738,11.2
TV070,2,L,MF,1,1996,19,18.1,1.684,0.572,10.5
TV070,2,L,MF,1,1997,2,23.5,1.500,0.485,10.0
TV070,2,L,MF,1,1998,22,25.4,1.214,0.393,9.0
TV070,2,L,MF,1,1999,22,23.3,1.341,0.434,13.9
TV070,2,L,MF,1,2000,19,29.4,1.310,0.440,10.1
TV070,2,L,MF,1,2002,19,33.4,1.470,0.500,19.0
TV070,2,L,MF,1,2003,21,49.8,1.340,0.450,14.4
TV070,2,L,MF,1,2004,17,47.1,1.420,0.500,16.1
TV070,2,L,MF,1,2005,17,47.9,1.310,0.457,21.1
TV070,2,L,MF,2,1982,2,0.2,0.693,1.000,1.0
TV070,2,L,MF,2,1983,2,0.2,0.693,1.000,1.0
TV070,2,L,MF,2,1984,7,0.7,1.946,1.000,1.4
TV070,2,L,MF,2,1985,10,1.0,2.303,1.000,1.8
TV070,2,L,MF,2,1986,13,1.5,2.523,0.984,4.6
TV070,2,L,MF,2,1987,12,1.4,2.404,0.967,4.2
TV070,2,L,MF,2,1988,17,2.1,2.731,0.964,3.6
TV070,2,L,MF,2,1989,19,2.4,2.730,0.927,3.8
TV070,2,L,MF,2,1990,18,4.6,2.488,0.927,6.2
TV070,2,L,MF,2,1991,19,5.0,2.122,0.721,6.3
TV070,2,L,MF,2,1992,22,6.8,2.300,0.744,6.0
TV070,2,L,MF,2,1993,2,10.4,2.110,0.673,6.9
TV070,2,L,MF,2,1994,22,14.7,2.228,0.711,9.7
TV070,2,L,MF,2,1995,2,13.9,1.940,0.619,8.7
TV070,2,L,MF,2,1996,25,14.1,1.904,0.591,8.8
TV070,2,L,MF,2,1997,25,16.4,1.998,0.621,11.5
TV070,2,L,MF,2,1998,26,21.5,1.909,0.586,9.3
TV070,2,L,MF,2,1999,25,17.3,1.942,0.603,11.3
TV070,2,L,MF,2,2000,22,22.0,1.700,0.550,10.6
TV070,2,L,MF,2,2002,20,29.4,1.570,0.520,15.8
TV070,2,L,MF,2,2003,21,43.3,1.340,0.450,13.1
TV070,2,L,MF,2,2004,18,45.2,1.490,0.510,14.5
TV070,2,L,MF,2,2005,16,43.5,1.210,0.436,16.1
TV070,2,L,MF,4,1982,2,0.2,0.693,1.000,3.0
TV070,2,L,MF,4,1983,2,0.2,0.693,1.000,3.0
TV070,2,L,MF,4,1984,4,0.4,1.386,1.000,2.3
TV070,2,L,MF,4,1985,9,1.0,2.164,0.985,1.8
TV070,2,L,MF,4,1986,12,1.2,2.485,1.000,2.6
TV070,2,L,MF,4,1987,12,1.2,2.458,1.000,1.6
TV070,2,L,MF,4,1988,15,2.1,2.558,0.944,4.1
TV070,2,L,MF,4,1989,17,1.9,2.771,0.978,3.4
TV070,2,L,MF,4,1990,17,2.4,2.672,0.943,4.2
TV070,2,L,MF,4,1991,20,5.3,2.505,0.836,7.2
TV070,2,L,MF,4,1992,21,3.9,2.719,0.893,6.8
TV070,2,L,MF,4,1993,2,6.3,2.559,0.816,7.9
TV070,2,L,MF,4,1994,22,6.2,2.486,0.804,8.3
TV070,2,L,MF,4,1995,21,6.5,2.477,0.814,10.8
TV070,2,L,MF,4,1996,22,8.2,2.403,0.777,11.7
TV070,2,L,MF,4,1997,22,10.3,2.343,0.758,12.5
TV070,2,L,MF,4,1998,2,15.2,2.213,0.706,13.4
TV070,2,L,MF,4,1999,22,16.1,2.283,0.739,17.3
TV070,2,L,MF,4,2000,21,22.6,2.120,0.690,13.6
TV070,2,L,MF,4,2002,19,19.8,2.090,0.710,17.8
TV070,2,L,MF,4,2003,21,2.0,1.670,0.550,16.7
TV070,2,L,MF,4,2004,18,23.1,1.700,0.590,21.2
TV070,2,L,MF,4,2005,18,23.1,1.940,0.670,22.9
TV070,2,L,MF,5,1982,2,0.2,0.693,1.000,3.5
TV070,2,L,MF,5,1983,2,0.2,0.693,1.000,3.7
TV070,2,L,MF,5,1984,5,0.5,1.609,1.000,2.2
TV070,2,L,MF,5,1985,6,0.9,1.581,0.882,2.8
TV070,2,L,MF,5,1986,6,1.1,1.498,0.836,4.5
TV070,2,L,MF,5,1987,8,1.4,1.666,0.801,2.7
TV070,2,L,MF,5,1988,10,1.1,2.272,0.987,4.1
TV070,2,L,MF,5,1989,11,1.8,2.183,0.910,4.7
TV070,2,L,MF,5,1990,13,2.4,2.217,0.865,5.0
TV070,2,L,MF,5,1991,15,3.5,2.139,0.789,6.2
TV070,2,L,MF,5,1992,18,2.2,2.791,0.966,4.6
TV070,2,L,MF,5,1993,18,4.5,2.235,0.776,7.7
TV070,2,L,MF,5,1994,18,4.8,2.360,0.817,10.1
TV070,2,L,MF,5,1995,19,5.9,2.368,0.804,9.8
TV070,2,L,MF,5,1996,19,8.1,2.268,0.770,12.4
TV070,2,L,MF,5,1997,19,8.8,2.254,0.765,15.6
TV070,2,L,MF,5,1998,21,10.3,2.224,0.731,14.2
TV070,2,L,MF,5,1999,19,12.4,2.163,0.735,18.7
TV070,2,L,MF,5,2000,19,13.7,1.950,0.660,15.8
TV070,2,L,MF,5,2002,19,10.6,2.100,0.710,14.8
TV070,2,L,MF,5,2003,20,9.5,2.350,0.790,15.3
TV070,2,L,MF,5,2004,18,11.6,2.090,0.720,19.1
TV070,2,L,MF,5,2005,15,14.0,1.770,0.654,23.6
TV070,2,L,MF,6,1982,5,0.5,1.609,1.000,3.0
TV070,2,L,MF,6,1983,7,0.7,1.946,1.000,1.7
TV070,2,L,MF,6,1984,9,2.3,1.369,0.623,2.0
TV070,2,L,MF,6,1985,11,2.6,1.552,0.647,1.8
TV070,2,L,MF,6,1986,15,2.7,2.013,0.743,2.8
TV070,2,L,MF,6,1987,14,1.8,2.443,0.926,2.4
TV070,2,L,MF,6,1988,16,4.3,2.108,0.760,3.8
TV070,2,L,MF,6,1989,16,5.5,1.923,0.696,4.2
TV070,2,L,MF,6,1990,16,5.5,1.916,0.691,5.8
TV070,2,L,MF,6,1991,17,6.4,1.969,0.695,5.4
TV070,2,L,MF,6,1992,19,4.6,2.337,0.794,6.3
TV070,2,L,MF,6,1993,19,8.4,2.085,0.708,10.3
TV070,2,L,MF,6,1994,19,8.4,2.045,0.694,11.9
TV070,2,L,MF,6,1995,18,11.5,1.879,0.650,13.2
TV070,2,L,MF,6,1996,18,12.4,1.985,0.687,15.1
TV070,2,L,MF,6,1997,19,16.7,2.157,0.733,16.0
TV070,2,L,MF,6,1998,18,12.1,1.949,0.674,15.0
TV070,2,L,MF,6,1999,18,12.6,1.957,0.677,17.7
TV070,2,L,MF,6,2000,17,13.2,2.060,0.710,14.4
TV070,2,L,MF,6,2002,17,14.7,1.930,0.680,15.1
TV070,2,L,MF,6,2003,17,10.8,2.020,0.710,16.6
TV070,2,L,MF,6,2004,16,10.0,1.970,0.710,18.4
TV070,2,L,MF,6,2005,18,9.4,2.180,0.754,14.4
TV070,2,L,MF,7,1982,2,0.2,0.693,1.000,2.0
TV070,2,L,MF,7,1983,3,0.3,1.099,1.000,2.3
TV070,2,L,MF,7,1984,4,0.4,1.386,1.000,1.3
TV070,2,L,MF,7,1985,10,1.0,2.203,1.000,1.5
TV070,2,L,MF,7,1986,11,1.1,2.398,1.000,3.1
TV070,2,L,MF,7,1987,11,1.1,2.398,1.000,2.2
TV070,2,L,MF,7,1988,14,3.2,1.797,0.681,4.6
TV070,2,L,MF,7,1989,16,2.7,2.268,0.818,5.1
TV070,2,L,MF,7,1990,18,5.1,1.822,0.631,7.7
TV070,2,L,MF,7,1991,19,6.4,2.089,0.709,7.9
TV070,2,L,MF,7,1992,2,4.4,2.793,0.891,5.4
TV070,2,L,MF,7,1993,2,4.8,2.628,0.838,5.0
TV070,2,L,MF,7,1994,20,5.3,2.367,0.790,7.3
TV070,2,L,MF,7,1995,18,6.3,2.332,0.807,7.8
TV070,2,L,MF,7,1996,20,3.6,2.482,0.828,2.1
TV070,2,L,MF,7,1997,21,8.8,2.394,0.786,9.6
TV070,2,L,MF,7,1998,24,8.3,2.400,0.755,9.3
TV070,2,L,MF,7,1999,22,9.7,2.307,0.746,11.8
TV070,2,L,MF,7,2000,18,10.2,1.980,0.670,11.9
TV070,2,L,MF,7,2002,16,8.1,1.790,0.640,12.2
TV070,2,L,MF,7,2003,18,6.4,2.120,0.730,13.5
TV070,2,L,MF,7,2004,15,8.1,2.030,0.750,20.8
TV070,2,L,MF,7,2005,15,10.6,1.841,0.680,19.5
TV070,2,L,MF,8,1982,3,0.3,1.099,1.000,2.0
TV070,2,L,MF,8,1983,3,0.3,1.099,1.000,3.0
TV070,2,L,MF,8,1984,5,0.5,1.609,1.000,2.2
TV070,2,L,MF,8,1985,8,0.8,2.079,1.000,1.9
TV070,2,L,MF,8,1986,11,1.2,2.369,0.988,2.8
TV070,2,L,MF,8,1987,11,1.1,2.398,1.000,2.5
TV070,2,L,MF,8,1988,12,2.0,2.007,0.808,5.2
TV070,2,L,MF,8,1989,15,3.1,2.091,0.772,7.1
TV070,2,L,MF,8,1990,13,5.4,1.434,0.559,5.4
TV070,2,L,MF,8,1991,16,5.2,1.887,0.681,10.1
TV070,2,L,MF,8,1992,19,5.5,2.201,0.747,8.8
TV070,2,L,MF,8,1993,20,7.5,2.264,0.756,10.5
TV070,2,L,MF,8,1994,16,6.5,1.988,0.717,12.7
TV070,2,L,MF,8,1995,16,8.7,1.836,0.662,11.5
TV070,2,L,MF,8,1996,17,8.3,1.990,0.702,14.0
TV070,2,L,MF,8,1997,18,10.6,1.885,0.653,14.4
TV070,2,L,MF,8,1998,18,9.2,2.053,0.710,16.9
TV070,2,L,MF,8,1999,19,14.3,1.855,0.630,16.2
TV070,2,L,MF,8,2000,18,21.1,1.410,0.480,15.1
TV070,2,L,MF,8,2002,18,12.0,1.790,0.620,14.4
TV070,2,L,MF,8,2003,22,13.9,2.180,0.710,19.4
TV070,2,L,MF,8,2004,17,21.4,1.450,0.510,23.1
TV070,2,L,MF,8,2005,19,16.7,1.841,0.630,20.1
TV070,2,LS,PCA,1,1980,4,1.8,0.634,0.457,6.8
TV070,2,LS,PCA,1,1981,6,6.6,0.941,0.524,12.0
TV070,2,LS,PCA,1,1982,9,8.8,1.130,0.480,11.2
TV070,2,LS,PCA,1,1983,10,10.6,1.300,0.565,12.2
TV070,2,LS,PCA,1,1984,11,11.4,1.209,0.540,12.4
TV070,2,LS,PCA,1,1985,12,12.0,1.408,0.567,13.7
TV070,2,LS,PCA,1,1986,12,16.7,1.236,0.497,19.8
TV070,2,LS,PCA,1,1987,11,25.6,1.457,0.607,23.1
TV070,2,LS,PCA,1,1988,11,16.3,0.457,0.573,26.1
TV070,2,LS,PCA,1,1989,12,20.5,1.375,0.517,21.7
TV070,2,LS,PCA,1,1990,13,20.7,1.285,0.499,19.8
TV070,2,LS,PCA,1,1991,12,24.7,1.281,0.503,22.7
TV070,2,LS,PCA,1,1992,14,22.9,1.393,0.528,21.6
TV070,2,LS,PCA,1,1994,16,44.4,1.452,0.524,24.7
TV070,2,LS,PCA,1,1995,18,42.1,1.639,0.567,21.5
TV070,2,LS,PCA,1,1996,19,38.2,1.492,0.507,20.2
TV070,2,LS,PCA,1,1997,19,51.5,1.702,0.578,25.2
TV070,2,LS,PCA,1,1999,18,47.6,1.705,0.590,25.5
TV070,2,LS,PCA,1,2000,16,40.3,1.730,0.620,21.2
TV070,2,LS,PCA,1,2002,18,41.9,1.630,0.560,19.7
TV070,2,LS,PCA,1,2003,18,28.8,1.640,0.570,21.0
TV070,2,LS,PCA,1,2005,15,42.4,1.630,0.601,31.7
TV070,2,LS,PCA,2,1980,5,0.8,1.494,0.928,5.6
TV070,2,LS,PCA,2,1981,8,5.3,1.430,0.693,7.1
TV070,2,LS,PCA,2,1982,13,9.3,1.617,0.630,7.2
TV070,2,LS,PCA,2,1983,14,13.7,1.591,0.603,10.0
TV070,2,LS,PCA,2,1984,13,17.0,1.667,0.654,13.0
TV070,2,LS,PCA,2,1985,13,18.5,1.636,0.638,15.0
TV070,2,LS,PCA,2,1986,12,17.7,1.566,0.629,23.5
TV070,2,LS,PCA,2,1987,12,21.6,1.425,0.574,23.5
TV070,2,LS,PCA,2,1988,12,17.7,1.501,0.604,25.6
TV070,2,LS,PCA,2,1989,14,24.2,1.493,0.566,21.6
TV070,2,LS,PCA,2,1990,13,27.7,1.414,0.551,25.2
TV070,2,LS,PCA,2,1991,15,25.5,1.362,0.503,21.5
TV070,2,LS,PCA,2,1992,16,26.8,1.482,0.535,23.7
TV070,2,LS,PCA,2,1994,17,47.8,1.368,0.483,24.8
TV070,2,LS,PCA,2,1995,19,36.3,1.717,0.583,24.0
TV070,2,LS,PCA,2,1996,18,40.6,1.676,0.580,26.2
TV070,2,LS,PCA,2,1997,19,44.0,1.648,0.560,22.7
TV070,2,LS,PCA,2,1999,19,48.8,1.645,0.559,30.1
TV070,2,LS,PCA,2,2000,13,35.2,1.340,0.520,27.3
TV070,2,LS,PCA,2,2002,15,44.7,1.760,0.650,30.7
TV070,2,LS,PCA,2,2003,16,33.8,1.820,0.650,29.2
TV070,2,LS,PCA,2,2005,15,39.8,1.780,0.660,32.5
TV070,2,LS,PCA,3,1980,6,1.6,1.247,0.696,7.5
TV070,2,LS,PCA,3,1981,14,14.5,1.550,0.592,7.6
TV070,2,LS,PCA,3,1982,16,26.0,1.432,0.516,10.1
TV070,2,LS,PCA,3,1983,17,34.8,1.399,0.494,12.1
TV070,2,LS,PCA,3,1984,19,36.6,1.390,0.472,11.4
TV070,2,LS,PCA,3,1985,18,44.7,1.330,0.460,12.4
TV070,2,LS,PCA,3,1986,22,40.5,1.400,0.453,15.4
TV070,2,LS,PCA,3,1987,21,44.6,1.381,0.454,10.4
TV070,2,LS,PCA,3,1988,22,40.8,1.340,0.433,13.3
TV070,2,LS,PCA,3,1989,2,35.7,1.527,0.487,17.1
TV070,2,LS,PCA,3,1990,22,43.1,1.381,0.447,13.0
TV070,2,LS,PCA,3,1991,20,40.8,1.422,0.475,15.8
TV070,2,LS,PCA,3,1992,2,41.2,1.425,0.454,13.7
TV070,2,LS,PCA,3,1994,22,52.8,1.586,0.513,19.9
TV070,2,LS,PCA,3,1995,24,54.2,1.550,0.488,18.2
TV070,2,LS,PCA,3,1996,24,55.2,1.537,0.484,20.0
TV070,2,LS,PCA,3,1997,2,63.3,1.736,0.554,19.0
TV070,2,LS,PCA,3,2000,20,71.1,1.460,0.490,20.7
TV070,2,LS,PCA,3,2002,21,61.4,1.650,0.540,22.3
TV070,2,LS,PCA,3,2003,22,52.0,1.920,0.620,22.4
TV070,2,LS,PCA,3,2005,20,56.1,1.920,0.637,24.3
TV070,2,LS,PCA,4,1980,2,0.3,0.637,0.918,7.5
TV070,2,LS,PCA,4,1981,12,4.0,1.656,0.666,6.1
TV070,2,LS,PCA,4,1982,17,12.2,1.542,0.544,6.1
TV070,2,LS,PCA,4,1983,15,18.2,1.446,0.534,10.3
TV070,2,LS,PCA,4,1984,14,20.1,1.423,0.539,12.2
TV070,2,LS,PCA,4,1985,13,20.8,1.402,0.547,14.5
TV070,2,LS,PCA,4,1986,13,29.3,1.479,0.576,20.5
TV070,2,LS,PCA,4,1987,13,22.2,1.502,0.585,19.7
TV070,2,LS,PCA,4,1988,14,25.5,1.460,0.553,18.1
TV070,2,LS,PCA,4,1989,15,27.8,1.564,0.578,18.7
TV070,2,LS,PCA,4,1990,14,33.3,1.527,0.500,19.6
TV070,2,LS,PCA,4,1991,14,31.6,1.494,0.566,18.9
TV070,2,LS,PCA,4,1992,15,31.3,1.540,0.560,19.5
TV070,2,LS,PCA,4,1994,16,51.8,1.500,0.542,25.8
TV070,2,LS,PCA,4,1995,18,42.1,1.778,0.615,24.5
TV070,2,LS,PCA,4,1996,17,36.5,1.707,0.602,20.2
TV070,2,LS,PCA,4,1997,17,40.0,1.924,0.679,25.6
TV070,2,LS,PCA,4,1999,19,46.0,2.026,0.688,26.5
TV070,2,LS,PCA,4,2000,17,37.2,2.030,0.700,25.4
TV070,2,LS,PCA,4,2002,20,40.7,1.920,0.640,24.9
TV070,2,LS,PCA,4,2003,21,31.8,2.030,0.670,21.8
TV070,2,MS,PCB,1,1980,4,0.4,1.386,1.000,1.0
TV070,2,MS,PCB,1,1981,5,0.8,1.386,0.861,3.0
TV070,2,MS,PCB,1,1982,9,3.5,1.442,0.656,4.5
TV070,2,MS,PCB,1,1983,10,2.5,1.804,0.784,5.7
TV070,2,MS,PCB,1,1984,10,3.5,1.654,0.718,5.2
TV070,2,MS,PCB,1,1985,9,5.3,1.569,0.714,6.0
TV070,2,MS,PCB,1,1986,10,10.4,1.040,0.451,10.2
TV070,2,MS,PCB,1,1987,10,14.2,0.777,0.338,10.2
TV070,2,MS,PCB,1,1988,10,13.0,0.742,0.322,9.9
TV070,2,MS,PCB,1,1989,11,16.4,0.811,0.338,8.3
TV070,2,MS,PCB,1,1990,11,20.1,0.887,0.370,11.6
TV070,2,MS,PCB,1,1991,11,16.4,0.911,0.380,10.6
TV070,2,MS,PCB,1,1992,12,15.8,0.764,0.308,9.5
TV070,2,MS,PCB,1,1994,13,18.2,0.878,0.342,11.1
TV070,2,MS,PCB,1,1995,13,18.5,0.871,0.340,12.1
TV070,2,MS,PCB,1,1996,13,19.9,1.041,0.406,16.6
TV070,2,MS,PCB,1,1997,12,22.7,1.162,0.468,19.5
TV070,2,MS,PCB,1,1999,13,26.5,1.250,0.487,17.1
TV070,2,MS,PCB,1,2000,12,23.6,1.280,0.510,16.0
TV070,2,MS,PCB,1,2002,12,29.6,1.270,0.510,20.3
TV070,2,MS,PCB,1,2003,14,23.3,1.510,0.570,21.4
TV070,2,MS,PCB,1,2005,14,28.5,1.556,0.589,22.0
TV070,2,MS,PCB,2,1980,0,0.0,0.000,0.000,0.0
TV070,2,MS,PCB,2,1981,3,0.3,1.100,1.000,1.7
TV070,2,MS,PCB,2,1982,7,0.8,1.906,0.980,3.0
TV070,2,MS,PCB,2,1983,8,1.7,1.661,0.799,3.9
TV070,2,MS,PCB,2,1984,7,5.1,1.016,0.522,4.0
TV070,2,MS,PCB,2,1985,9,6.1,1.248,0.568,4.4
TV070,2,MS,PCB,2,1986,9,7.8,1.279,0.582,6.3
TV070,2,MS,PCB,2,1987,9,9.9,1.035,0.471,8.0
TV070,2,MS,PCB,2,1988,10,9.9,1.081,0.470,9.8
TV070,2,MS,PCB,2,1989,11,12.8,1.117,0.489,15.2
TV070,2,MS,PCB,2,1990,10,15.8,1.115,0.484,14.1
TV070,2,MS,PCB,2,1991,10,16.3,1.176,0.511,16.0
TV070,2,MS,PCB,2,1992,10,16.9,1.087,0.472,15.1
TV070,2,MS,PCB,2,1994,13,30.7,0.911,0.355,13.4
TV070,2,MS,PCB,2,1995,13,27.0,1.020,0.398,14.1
TV070,2,MS,PCB,2,1996,11,27.1,0.930,0.388,15.4
TV070,2,MS,PCB,2,1997,12,27.0,1.000,0.403,19.0
TV070,2,MS,PCB,2,1999,12,39.7,1.239,0.499,29.5
TV070,2,MS,PCB,2,2000,14,28.2,1.340,0.510,21.4
TV070,2,MS,PCB,2,2002,11,30.2,1.590,0.660,30.1
TV070,2,MS,PCB,2,2003,11,25.4,1.570,0.650,30.1
TV070,2,MS,PCB,2,2005,13,38.8,1.470,0.575,26.6
TV070,2,MS,PCB,3,1980,0,0.0,0.000,0.000,0.0
TV070,2,MS,PCB,3,1981,6,0.8,2.080,1.000,2.1
TV070,2,MS,PCB,3,1982,10,2.1,1.791,0.778,4.1
TV070,2,MS,PCB,3,1983,10,4.5,1.772,0.770,8.5
TV070,2,MS,PCB,3,1984,11,7.9,1.776,0.741,11.3
TV070,2,MS,PCB,3,1985,11,6.2,1.870,0.780,11.0
TV070,2,MS,PCB,3,1986,12,6.5,2.011,0.809,16.4
TV070,2,MS,PCB,3,1987,12,10.9,1.942,0.782,16.0
TV070,2,MS,PCB,3,1988,12,11.8,1.906,0.767,17.9
TV070,2,MS,PCB,3,1989,12,16.7,1.911,0.769,21.3
TV070,2,MS,PCB,3,1990,12,19.5,1.898,0.764,20.2
TV070,2,MS,PCB,3,1991,12,21.9,1.787,0.719,21.6
TV070,2,MS,PCB,3,1992,13,22.8,1.709,0.666,20.6
TV070,2,MS,PCB,3,1994,13,28.5,1.617,0.630,24.7
TV070,2,MS,PCB,3,1995,13,35.1,1.385,0.543,21.2
TV070,2,MS,PCB,3,1996,13,34.4,1.365,0.532,26.6
TV070,2,MS,PCB,3,1997,13,29.9,1.371,0.535,25.4
TV070,2,MS,PCB,3,2000,9,45.3,0.800,0.360,29.0
TV070,2,MS,PCB,3,2002,9,38.7,1.100,0.500,32.1
TV070,2,MS,PCB,3,2003,12,33.0,1.190,0.480,26.6
TV070,2,MS,PCB,3,2005,14,32.8,1.560,0.590,26.8
TV070,2,MS,PCB,4,1980,4,0.4,1.386,1.000,1.0
TV070,2,MS,PCB,4,1981,4,0.4,1.386,1.000,3.8
TV070,2,MS,PCB,4,1982,4,0.4,1.386,1.000,4.3
TV070,2,MS,PCB,4,1983,5,0.5,1.609,1.000,4.0
TV070,2,MS,PCB,4,1984,5,0.8,1.386,0.861,4.8
TV070,2,MS,PCB,4,1985,5,0.7,1.475,0.917,6.8
TV070,2,MS,PCB,4,1986,5,1.3,1.311,0.815,12.4
TV070,2,MS,PCB,4,1987,5,3.6,0.813,0.505,14.2
TV070,2,MS,PCB,4,1988,6,3.7,1.377,0.768,13.5
TV070,2,MS,PCB,4,1989,7,5.7,1.301,0.669,19.4
TV070,2,MS,PCB,4,1990,7,5.9,1.312,0.674,18.6
TV070,2,MS,PCB,4,1991,7,5.1,1.384,0.711,22.5
TV070,2,MS,PCB,4,1992,9,5.0,1.508,0.687,15.6
TV070,2,MS,PCB,4,1994,8,5.5,1.545,0.743,21.7
TV070,2,MS,PCB,4,1995,8,6.5,1.505,0.724,22.5
TV070,2,MS,PCB,4,1996,8,8.8,1.411,0.678,27.9
TV070,2,MS,PCB,4,1997,10,7.4,1.492,0.648,16.0
TV070,2,MS,PCB,4,2002,8,13.1,1.490,0.720,33.0
TV070,2,MS,PCB,4,2003,8,11.5,1.500,0.720,34.2
TV070,2,MS,PCB,4,2005,11,10.7,1.695,0.708,22.8
TV070,2,MS,PCB,5,1980,4,1.0,1.168,0.843,7.5
TV070,2,MS,PCB,5,1981,5,3.4,0.949,0.590,11.2
TV070,2,MS,PCB,5,1982,7,8.8,0.874,0.449,10.6
TV070,2,MS,PCB,5,1983,7,10.5,0.556,0.289,9.4
TV070,2,MS,PCB,5,1984,7,10.7,0.628,0.323,9.4
TV070,2,MS,PCB,5,1985,6,10.2,0.507,0.283,11.3
TV070,2,MS,PCB,5,1986,5,8.2,0.419,0.260,15.0
TV070,2,MS,PCB,5,1987,5,10.6,0.450,0.279,22.2
TV070,2,MS,PCB,5,1988,6,9.2,0.529,0.298,12.8
TV070,2,MS,PCB,5,1989,7,10.6,0.520,0.267,10.4
TV070,2,MS,PCB,5,1990,5,10.8,0.683,0.424,22.6
TV070,2,MS,PCB,5,1991,6,10.0,0.973,0.543,26.4
TV070,2,MS,PCB,5,1992,6,9.6,0.663,0.370,20.2
TV070,2,MS,PCB,5,1994,8,9.8,0.873,0.420,16.0
TV070,2,MS,PCB,5,1995,8,13.2,0.682,0.328,14.1
TV070,2,MS,PCB,5,1996,8,13.3,1.062,0.511,17.5
TV070,2,MS,PCB,5,1997,9,10.5,0.815,0.371,15.6
TV070,2,MS,PCB,5,2002,6,16.5,1.140,0.640,31.1
TV070,2,MS,PCB,5,2003,6,14.9,1.180,0.660,30.5
TV070,2,MS,PCB,5,2005,8,15.4,1.163,0.559,22.8
TV070,2,P,PP,1,1989,5,0.5,1.609,1.000,3.4
TV070,2,P,PP,1,1990,7,0.7,1.946,1.000,2.7
TV070,2,P,PP,1,1991,10,1.0,2.303,1.000,2.3
TV070,2,P,PP,1,1992,12,1.4,2.404,0.967,3.1
TV070,2,P,PP,1,1993,15,2.4,2.219,0.819,2.1
TV070,2,P,PP,1,1994,14,1.4,2.639,1.000,4.6
TV070,2,P,PP,1,1995,12,1.5,2.396,0.964,5.5
TV070,2,P,PP,1,1996,13,1.7,2.445,0.953,5.3
TV070,2,P,PP,1,1997,15,2.3,2.352,0.868,7.1
TV070,2,P,PP,1,1998,16,2.9,2.296,0.828,10.2
TV070,2,P,PP,1,1999,17,6.5,1.740,0.614,13.6
TV070,2,P,PP,1,2000,17,5.1,2.130,0.750,10.9
TV070,2,P,PP,1,2001,17,7.5,1.920,0.680,11.1
TV070,2,P,PP,1,2002,12,8.0,1.540,0.620,18.9
TV070,2,P,PP,1,2003,15,10.2,1.410,0.520,16.6
TV070,2,P,PP,1,2004,12,15.9,1.100,0.440,23.1
TV070,2,P,PP,1,2005,14,11.1,1.100,0.420,14.2
TV070,2,P,PP,2,1989,6,0.6,1.792,1.000,4.6
TV070,2,P,PP,2,1990,6,1.2,1.633,0.911,11.0
TV070,2,P,PP,2,1991,7,1.0,1.834,0.942,3.5
TV070,2,P,PP,2,1992,8,0.8,2.079,1.000,3.5
TV070,2,P,PP,2,1993,14,1.5,2.616,0.919,2.5
TV070,2,P,PP,2,1994,15,2.2,2.579,0.952,4.5
TV070,2,P,PP,2,1995,16,2.1,2.665,0.964,3.6
TV070,2,P,PP,2,1996,16,2.9,2.471,0.891,6.8
TV070,2,P,PP,2,1997,17,3.2,2.468,0.871,6.7
TV070,2,P,PP,2,1998,17,5.4,2.253,0.795,11.7
TV070,2,P,PP,2,1999,16,7.4,2.079,0.750,15.9
TV070,2,P,PP,2,2000,15,8.6,1.950,0.720,12.7
TV070,2,P,PP,2,2001,17,8.9,2.180,0.770,9.5
TV070,2,P,PP,2,2002,16,10.4,2.040,0.740,12.6
TV070,2,P,PP,2,2003,17,12.3,2.030,0.720,12.8
TV070,2,P,PP,2,2004,15,22.6,1.280,0.470,19.4
TV070,2,P,PP,2,2005,19,9.8,1.923,0.653,9.8
TV070,2,P,PP,3,1989,4,0.4,1.389,1.000,2.5
TV070,2,P,PP,3,1990,7,0.9,1.831,0.941,4.4
TV070,2,P,PP,3,1991,11,1.1,2.398,1.000,2.2
TV070,2,P,PP,3,1992,12,1.2,2.485,1.000,2.7
TV070,2,P,PP,3,1993,11,1.2,2.369,0.988,2.1
TV070,2,P,PP,3,1994,13,2.3,2.341,0.913,5.4
TV070,2,P,PP,3,1995,13,2.2,2.129,0.830,4.1
TV070,2,P,PP,3,1996,13,3.4,1.818,0.709,6.8
TV070,2,P,PP,3,1997,13,3.5,1.991,0.776,8.8
TV070,2,P,PP,3,1998,12,5.8,1.775,0.714,13.7
TV070,2,P,PP,3,1999,13,6.4,1.981,0.772,15.4
TV070,2,P,PP,3,2000,12,4.5,1.840,0.740,12.0
TV070,2,P,PP,3,2001,15,9.1,1.520,0.560,8.3
TV070,2,P,PP,3,2002,16,10.1,1.830,0.660,13.4
TV070,2,P,PP,3,2003,16,7.7,1.850,0.670,13.5
TV070,2,P,PP,3,2004,14,19.0,1.220,0.460,22.0
TV070,2,P,PP,3,2005,18,8.6,1.920,0.663,13.4
TV070,2,P,PP,4,1989,7,0.7,1.946,1.000,2.1
TV070,2,P,PP,4,1990,10,1.0,2.303,1.000,3.2
TV070,2,P,PP,4,1991,13,1.6,2.480,0.967,3.5
TV070,2,P,PP,4,1992,16,1.7,2.752,0.992,3.8
TV070,2,P,PP,4,1993,21,2.9,2.746,0.902,4.0
TV070,2,P,PP,4,1994,20,3.1,2.645,0.883,4.9
TV070,2,P,PP,4,1995,20,4.7,2.433,0.812,5.9
TV070,2,P,PP,4,1996,20,7.2,2.133,0.713,7.8
TV070,2,P,PP,4,1997,21,7.6,2.205,0.724,7.2
TV070,2,P,PP,4,1998,22,10.4,2.126,0.688,9.0
TV070,2,P,PP,4,1999,21,13.2,2.073,0.681,10.0
TV070,2,P,PP,4,2000,20,7.3,2.300,0.770,10.3
TV070,2,P,PP,4,2001,18,13.2,2.180,0.760,10.9
TV070,2,P,PP,4,2002,20,24.7,1.570,0.520,16.0
TV070,2,P,PP,4,2003,20,22.6,1.650,0.550,16.2
TV070,2,P,PP,4,2004,17,35.1,1.450,0.510,21.3
TV070,2,P,PP,4,2005,17,22.2,2.040,0.720,20.3
TV070,2,P,PP,5,1989,5,0.5,1.609,1.000,2.6
TV070,2,P,PP,5,1990,10,1.2,2.210,0.960,2.7
TV070,2,P,PP,5,1991,11,1.2,2.369,0.980,2.4
TV070,2,P,PP,5,1992,16,1.6,2.773,1.000,2.9
TV070,2,P,PP,5,1993,19,1.9,2.944,1.000,2.8
TV070,2,P,PP,5,1994,19,2.6,2.618,0.889,3.7
TV070,2,P,PP,5,1995,18,3.0,2.290,0.792,6.0
TV070,2,P,PP,5,1996,19,2.9,2.632,0.894,6.3
TV070,2,P,PP,5,1997,19,4.4,2.039,0.692,7.2
TV070,2,P,PP,5,1998,21,4.7,2.588,0.850,9.0
TV070,2,P,PP,5,1999,22,5.5,2.690,0.870,9.7
TV070,2,P,PP,5,2000,21,4.6,2.780,0.910,8.8
TV070,2,P,PP,5,2001,18,5.3,2.590,0.900,9.7
TV070,2,P,PP,5,2002,20,8.5,2.390,0.800,12.6
TV070,2,P,PP,5,2003,21,9.4,2.260,0.740,14.7
TV070,2,P,PP,5,2004,19,18.2,2.260,0.740,14.7
TV070,2,P,PP,5,2005,20,11.3,2.090,0.698,18.2
TV070,2,P,PP,6,1989,5,0.5,1.609,1.000,5.0
TV070,2,P,PP,6,1990,5,0.5,1.609,1.000,2.2
TV070,2,P,PP,6,1991,9,0.9,2.197,1.000,1.9
TV070,2,P,PP,6,1992,15,1.6,2.686,0.992,4.1
TV070,2,P,PP,6,1993,14,1.7,2.507,0.950,4.2
TV070,2,P,PP,6,1994,14,2.1,2.252,0.853,4.4
TV070,2,P,PP,6,1995,15,2.2,2.335,0.862,3.1
TV070,2,P,PP,6,1996,17,2.0,2.762,0.975,3.9
TV070,2,P,PP,6,1997,17,3.2,2.153,0.760,4.5
TV070,2,P,PP,6,1998,21,3.6,2.711,0.879,6.4
TV070,2,P,PP,6,1999,20,2.9,2.853,0.952,5.6
TV070,2,P,PP,6,2000,19,2.5,2.830,0.960,4.4
TV070,2,P,PP,6,2001,19,2.5,2.780,0.950,5.0
TV070,2,P,PP,6,2002,20,4.1,2.540,0.850,7.0
TV070,2,P,PP,6,2003,21,5.4,2.520,0.830,7.5
TV070,2,P,PP,6,2004,18,10.7,1.830,0.630,13.8
TV070,2,P,PP,6,2005,16,5.4,2.370,0.860,12.1
TV070,2,P,PP,7,1989,0,0.0,0.000,0.000,0.0
TV070,2,P,PP,7,1990,4,0.4,1.386,1.000,1.8
TV070,2,P,PP,7,1991,5,0.5,1.609,1.000,1.0
TV070,2,P,PP,7,1992,8,0.8,2.079,1.000,1.5
TV070,2,P,PP,7,1993,12,1.2,2.485,1.000,1.6
TV070,2,P,PP,7,1994,14,1.4,2.639,1.000,2.7
TV070,2,P,PP,7,1995,17,1.8,2.813,0.993,2.8
TV070,2,P,PP,7,1996,15,1.5,2.708,1.000,3.5
TV070,2,P,PP,7,1997,16,2.0,2.692,0.971,6.8
TV070,2,P,PP,7,1998,17,4.4,2.341,0.826,14.9
TV070,2,P,PP,7,1999,19,10.3,1.801,0.618,14.6
TV070,2,P,PP,7,2000,20,6.9,2.550,0.850,19.1
TV070,2,P,PP,7,2001,19,11.1,1.830,0.620,14.0
TV070,2,P,PP,7,2002,21,20.0,1.500,0.490,17.5
TV070,2,P,PP,7,2003,22,24.2,1.220,0.390,15.4
TV070,2,P,PP,7,2004,19,19.9,1.620,0.550,19.4
TV070,2,P,PP,7,2005,20,13.4,2.070,0.690,16.0
TV070,2,P,PP,8,1989,1,0.1,0.000,0.000,1.0
TV070,2,P,PP,8,1990,5,0.5,1.609,1.000,2.2
TV070,2,P,PP,8,1991,6,0.6,1.792,1.000,1.0
TV070,2,P,PP,8,1992,9,0.9,2.197,1.000,1.6
TV070,2,P,PP,8,1993,10,1.0,2.303,1.000,1.8
TV070,2,P,PP,8,1994,12,1.2,2.485,1.000,2.9
TV070,2,P,PP,8,1995,12,1.2,2.485,1.000,2.5
TV070,2,P,PP,8,1996,13,1.3,2.565,1.000,2.6
TV070,2,P,PP,8,1997,15,1.7,2.670,0.986,5.3
TV070,2,P,PP,8,1998,18,3.4,2.551,0.885,9.2
TV070,2,P,PP,8,1999,19,5.8,2.454,0.833,11.9
TV070,2,P,PP,8,2000,20,6.8,2.360,0.900,15.4
TV070,2,P,PP,8,2001,19,8.2,1.990,0.680,11.3
TV070,2,P,PP,8,2002,15,12.7,1.600,0.590,19.6
TV070,2,P,PP,8,2003,18,20.4,1.170,0.410,14.6
TV070,2,P,PP,8,2004,17,26.5,1.090,0.380,17.3
TV070,2,P,PP,8,2005,18,14.4,1.340,0.464,14.3
TV070,2,P,PP,9,1989,7,1.0,1.748,0.898,5.7
TV070,2,P,PP,9,1990,8,1.3,1.814,0.872,7.4
TV070,2,P,PP,9,1991,10,1.4,2.144,0.931,7.7
TV070,2,P,PP,9,1992,11,2.4,1.930,0.805,11.1
TV070,2,P,PP,9,1993,20,4.7,2.324,0.776,6.6
TV070,2,P,PP,9,1994,20,3.6,2.607,0.870,6.3
TV070,2,P,PP,9,1995,19,6.1,2.213,0.752,8.7
TV070,2,P,PP,9,1996,17,5.1,2.212,0.781,9.1
TV070,2,P,PP,9,1997,18,6.7,1.947,0.674,8.4
TV070,2,P,PP,9,1998,22,7.8,2.369,0.766,8.3
TV070,2,P,PP,9,1999,21,7.6,2.566,0.843,9.9
TV070,2,P,PP,9,2000,21,8.8,2.440,0.800,14.6
TV070,2,P,PP,9,2001,2,7.7,2.570,0.820,8.1
TV070,2,P,PP,9,2002,2,10.5,2.490,0.800,13.0
TV070,2,P,PP,9,2003,24,12.9,2.250,0.710,12.8
TV070,2,P,PP,9,2004,15,29.3,1.650,0.610,22.6
TV070,2,P,PP,9,2005,19,17.8,2.108,0.716,17.2
TV070,2,P,PP,10,1989,5,0.5,1.609,1.000,2.4
TV070,2,P,PP,10,1990,7,0.8,1.906,0.980,2.9
TV070,2,P,PP,10,1991,11,1.2,2.369,0.988,7.7
TV070,2,P,PP,10,1992,14,1.8,2.443,0.926,3.4
TV070,2,P,PP,10,1993,14,2.2,2.272,0.861,3.5
TV070,2,P,PP,10,1994,16,1.9,2.653,0.957,3.6
TV070,2,P,PP,10,1995,17,2.2,2.608,0.920,4.6
TV070,2,P,PP,10,1996,18,2.3,2.725,0.943,4.2
TV070,2,P,PP,10,1997,20,3.7,2.584,0.863,7.9
TV070,2,P,PP,10,1998,22,5.0,2.575,0.834,8.1
TV070,2,P,PP,10,1999,22,5.6,2.679,0.867,8.7
TV070,2,P,PP,10,2000,19,7.8,2.400,0.810,18.9
TV070,2,P,PP,10,2001,22,8.4,1.990,0.640,7.6
TV070,2,P,PP,10,2002,21,13.0,1.710,0.560,14.1
TV070,2,P,PP,10,2003,2,20.0,1.490,0.470,13.2
TV070,2,P,PP,10,2004,21,28.2,1.170,0.380,18.4
TV070,2,P,PP,10,2005,17,13.4,2.057,0.726,21.6
TV070,2,P,PP,11,1989,5,0.5,1.609,1.000,2.6
TV070,2,P,PP,11,1990,6,0.6,1.792,1.000,2.7
TV070,2,P,PP,11,1991,8,0.8,2.080,1.000,2.4
TV070,2,P,PP,11,1992,9,0.9,2.197,1.000,1.7
TV070,2,P,PP,11,1993,13,1.3,2.565,1.000,2.1
TV070,2,P,PP,11,1994,16,1.6,2.770,1.000,3.1
TV070,2,P,PP,11,1995,17,2.1,2.661,0.939,4.9
TV070,2,P,PP,11,1996,19,2.7,2.618,0.889,5.4
TV070,2,P,PP,11,1997,19,3.9,2.360,0.801,6.9
TV070,2,P,PP,11,1998,21,5.8,2.257,0.741,9.8
TV070,2,P,PP,11,1999,20,7.4,2.301,0.768,12.4
TV070,2,P,PP,11,2000,19,6.5,2.300,0.780,17.8
TV070,2,P,PP,11,2001,19,15.6,1.060,0.360,10.0
TV070,2,P,PP,11,2002,17,24.0,1.090,0.380,18.4
TV070,2,P,PP,11,2003,21,40.6,0.950,0.310,15.2
TV070,2,P,PP,11,2004,20,82.4,0.520,0.170,14.8
TV070,2,P,PP,11,2005,22,17.9,1.887,0.611,19.7
TV070,2,P,PP,12,1989,0,0.0,0.000,0.000,0.0
TV070,2,P,PP,12,1990,4,0.4,1.386,1.000,1.0
TV070,2,P,PP,12,1991,4,0.9,1.386,1.000,1.6
TV070,2,P,PP,12,1992,10,1.0,2.303,1.000,1.7
TV070,2,P,PP,12,1993,15,1.5,2.708,1.000,2.7
TV070,2,P,PP,12,1994,13,1.3,2.565,1.000,3.2
TV070,2,P,PP,12,1995,15,1.5,2.708,1.000,2.7
TV070,2,P,PP,12,1996,18,2.0,2.831,0.979,3.0
TV070,2,P,PP,12,1997,21,3.0,2.634,0.865,3.0
TV070,2,P,PP,12,1998,21,4.0,2.697,0.697,7.2
TV070,2,P,PP,12,1999,22,6.9,2.353,0.761,9.1
TV070,2,P,PP,12,2000,21,7.1,2.480,0.820,13.0
TV070,2,P,PP,12,2001,2,15.0,1.430,0.460,9.1
TV070,2,P,PP,12,2002,22,25.0,1.360,0.440,14.7
TV070,2,P,PP,12,2003,25,39.2,1.100,0.340,14.2
TV070,2,P,PP,12,2004,22,76.5,0.660,0.210,17.4
TV070,2,P,PP,12,2005,2,27.3,1.713,0.546,19.3
TV070,2,PB,PA,1,1995,13,2.0,2.316,0.903,8.2
TV070,2,PB,PA,1,1996,15,2.7,2.391,0.883,9.1
TV070,2,PB,PA,1,1997,17,4.1,2.170,0.766,12.2
TV070,2,PB,PA,1,1999,19,5.9,2.268,0.770,12.8
TV070,2,PB,PA,1,2000,17,6.1,2.100,0.740,9.2
TV070,2,PB,PA,1,2001,17,20.3,1.730,0.610,11.3
TV070,2,PB,PA,1,2002,13,7.2,1.720,0.670,14.5
TV070,2,PB,PA,1,2003,13,6.0,2.000,0.780,17.7
TV070,2,PB,PA,1,2004,9,5.5,1.680,0.760,25.1
TV070,2,PB,PA,1,2005,8,4.9,1.500,0.721,20.8
TV070,2,PB,PA,2,1995,16,3.4,3.160,0.798,8.3
TV070,2,PB,PA,2,1996,16,2.7,2.321,0.837,9.6
TV070,2,PB,PA,2,1997,16,3.4,2.059,0.742,10.7
TV070,2,PB,PA,2,1999,14,5.2,1.849,0.701,14.1
TV070,2,PB,PA,2,2000,11,5.0,1.530,0.640,13.2
TV070,2,PB,PA,2,2001,13,9.2,1.660,0.650,15.6
TV070,2,PB,PA,2,2002,13,5.9,1.710,0.670,15.6
TV070,2,PB,PA,2,2003,13,6.3,1.990,0.780,20.0
TV070,2,PB,PA,2,2004,11,7.1,1.740,0.720,23.4
TV070,2,PB,PA,2,2005,12,5.1,1.875,0.755,15.1
TV070,2,PB,PA,3,1995,16,6.1,1.897,0.684,5.9
TV070,2,PB,PA,3,1996,18,6.4,2.038,0.705,7.2
TV070,2,PB,PA,3,1997,24,10.1,2.180,0.686,7.3
TV070,2,PB,PA,3,1999,24,9.3,2.318,0.729,8.3
TV070,2,PB,PA,3,2000,21,8.9,2.140,0.700,4.8
TV070,2,PB,PA,3,2001,2,13.7,2.070,0.660,8.6
TV070,2,PB,PA,3,2002,2,6.2,2.670,0.850,8.0
TV070,2,PB,PA,3,2003,25,7.7,2.560,0.800,10.4
TV070,2,PB,PA,3,2004,26,8.3,2.580,0.790,9.6
TV070,2,PB,PA,3,2005,2,8.1,2.410,0.772,10.4
TV070,2,PB,PA,4,1995,11,2.5,1.820,0.752,10.0
TV070,2,PB,PA,4,1996,12,2.0,2.095,0.843,9.8
TV070,2,PB,PA,4,1997,19,4.5,2.359,0.801,10.0
TV070,2,PB,PA,4,1999,21,4.7,2.486,0.817,7.8
TV070,2,PB,PA,4,2000,19,3.8,2.420,0.820,6.0
TV070,2,PB,PA,4,2001,22,11.9,2.080,0.670,11.8
TV070,2,PB,PA,4,2002,21,6.6,2.270,0.750,10.1
TV070,2,PB,PA,4,2003,22,6.9,2.350,0.760,14.1
TV070,2,PB,PA,4,2004,19,8.6,2.100,0.680,15.5
TV070,2,PB,PA,4,2005,17,6.2,2.259,0.797,16.7
TV070,2,PB,PA,5,1995,13,2.0,2.330,0.920,7.5
TV070,2,PB,PA,5,1996,12,2.1,2.240,0.902,8.2
TV070,2,PB,PA,5,1997,13,2.8,2.171,0.847,11.9
TV070,2,PB,PA,5,1999,14,4.7,1.865,0.707,12.9
TV070,2,PB,PA,5,2000,13,4.8,1.770,0.690,13.2
TV070,2,PB,PA,5,2001,12,6.9,1.680,0.670,15.3
TV070,2,PB,PA,5,2002,13,4.8,1.860,0.730,14.0
TV070,2,PB,PA,5,2003,15,5.9,2.100,0.770,15.4
TV070,2,PB,PA,5,2004,14,6.9,1.920,0.730,17.3
TV070,2,PB,PA,5,2005,14,6.5,2.320,0.770,15.7
TV070,2,PB,PA,6,1995,10,1.4,2.040,0.896,7.6
TV070,2,PB,PA,6,1996,14,2.3,2.439,0.924,6.5
TV070,2,PB,PA,6,1997,17,5.4,2.114,0.746,12.0
TV070,2,PB,PA,6,1999,17,7.2,2.165,0.764,9.9
TV070,2,PB,PA,6,2000,16,6.6,1.980,0.710,10.4
TV070,2,PB,PA,6,2001,17,10.3,1.990,0.700,12.0
TV070,2,PB,PA,6,2002,18,8.5,2.060,0.710,14.3
TV070,2,PB,PA,6,2003,20,9.3,2.100,0.700,15.1
TV070,2,PB,PA,6,2004,16,8.5,2.030,0.730,20.2
TV070,2,PB,PA,6,2005,19,8.7,2.260,0.769,17.9
TV070,2,PB,PA,7,1995,12,3.1,1.840,0.740,9.7
TV070,2,PB,PA,7,1996,13,3.6,2.003,0.781,12.5
TV070,2,PB,PA,7,1997,14,3.0,2.208,0.837,11.7
TV070,2,PB,PA,7,1999,17,5.1,2.209,0.780,9.9
TV070,2,PB,PA,7,2000,17,6.1,1.990,0.700,8.9
TV070,2,PB,PA,7,2001,18,8.4,2.040,0.700,13.0
TV070,2,PB,PA,7,2002,16,6.9,1.920,0.690,13.3
TV070,2,PB,PA,7,2003,21,7.5,2.170,0.710,12.5
TV070,2,PB,PA,7,2004,21,10.6,2.010,0.660,12.9
TV070,2,PB,PA,7,2005,14,7.5,1.890,0.710,19.6
TV070,2,PB,PA,8,1995,13,1.7,2.476,0.965,2.1
TV070,2,PB,PA,8,1996,15,2.3,2.522,0.931,5.6
TV070,2,PB,PA,8,1997,16,2.5,2.487,0.897,7.1
TV070,2,PB,PA,8,1999,18,3.1,2.432,0.841,7.1
TV070,2,PB,PA,8,2000,20,3.6,2.420,0.810,5.0
TV070,2,PB,PA,8,2001,19,4.9,2.150,0.730,7.6
TV070,2,PB,PA,8,2002,18,4.1,2.110,0.730,8.9
TV070,2,PB,PA,8,2003,18,3.7,2.470,0.850,11.2
TV070,2,PB,PA,8,2004,18,5.0,2.300,0.790,12.0
TV070,2,PB,PA,8,2005,16,5.0,2.150,0.776,13.9
TV070,2,PB,PA,9,1995,20,2.9,2.745,0.919,2.1
TV070,2,PB,PA,9,1996,22,3.3,2.729,0.883,5.5
TV070,2,PB,PA,9,1997,20,4.9,2.574,0.859,6.5
TV070,2,PB,PA,9,1999,19,5.3,2.487,0.844,7.0
TV070,2,PB,PA,9,2000,19,7.6,2.390,0.810,6.4
TV070,2,PB,PA,9,2001,19,13.1,2.090,0.710,11.2
TV070,2,PB,PA,9,2002,22,9.6,2.400,0.780,10.4
TV070,2,PB,PA,9,2003,24,6.9,2.670,0.840,11.8
TV070,2,PB,PA,9,2004,25,9.2,2.570,0.800,12.8
TV070,2,PB,PA,9,2005,19,11.0,2.185,0.742,16.1
TV070,2,PB,PA,10,1995,15,2.2,2.563,0.946,6.1
TV070,2,PB,PA,10,1996,16,2.9,2.479,0.894,8.9
TV070,2,PB,PA,10,1997,15,7.4,1.820,0.672,12.0
TV070,2,PB,PA,10,1999,19,4.9,2.359,0.801,8.1
TV070,2,PB,PA,10,2000,15,5.7,1.950,0.720,10.4
TV070,2,PB,PA,10,2001,21,7.6,2.310,0.760,12.6
TV070,2,PB,PA,10,2002,20,7.1,2.180,0.730,11.6
TV070,2,PB,PA,10,2003,21,7.0,2.210,0.660,15.4
TV070,2,PB,PA,10,2004,22,9.6,2.090,0.680,15.8
TV070,2,PB,PA,10,2005,18,7.9,2.165,0.749,17.8
TV070,2,PB,SR,1,1984,1,0.1,0.000,1.000,7.0
TV070,2,PB,SR,1,1985,1,0.1,0.000,1.000,3.0
TV070,2,PB,SR,1,1986,1,1.5,0.000,1.000,20.0
TV070,2,PB,SR,1,1988,1,10.7,0.000,1.000,83.0
TV070,2,PB,SR,1,1989,3,55.4,0.026,0.024,34.0
TV070,2,PB,SR,1,1990,8,12.7,0.321,0.154,14.6
TV070,2,PB,SR,1,1991,12,34.5,0.303,0.122,16.7
TV070,2,PB,SR,1,1992,14,55.9,0.360,0.136,14.1
TV070,2,PB,SR,1,1993,17,54.4,1.069,0.377,22.1
TV070,2,PB,SR,1,1994,17,74.1,1.308,0.462,31.4
TV070,2,PB,SR,1,1995,14,73.1,1.513,0.573,35.9
TV070,2,PB,SR,1,1997,14,65.0,1.685,0.638,40.3
TV070,2,PB,SR,1,1998,17,53.8,1.808,0.638,33.2
TV070,2,PB,SR,1,1999,19,64.5,1.725,0.586,32.7
TV070,2,PB,SR,1,2000,20,59.6,1.780,0.590,23.2
TV070,2,PB,SR,1,2001,18,65.3,1.680,0.580,24.8
TV070,2,PB,SR,1,2002,18,64.8,1.930,0.670,34.4
TV070,2,PB,SR,1,2003,18,66.9,1.910,0.660,38.5
TV070,2,PB,SR,1,2004,21,79.4,1.870,0.610,31.3
TV070,2,PB,SR,1,2005,18,70.2,1.970,0.680,38.2
TV070,2,PB,SR,2,1984,2,0.2,0.693,1.000,1.0
TV070,2,PB,SR,2,1985,2,0.2,0.693,1.000,2.5
TV070,2,PB,SR,2,1986,2,0.2,0.693,1.000,2.5
TV070,2,PB,SR,2,1988,6,0.9,1.581,0.882,2.8
TV070,2,PB,SR,2,1989,6,1.4,1.227,0.685,7.7
TV070,2,PB,SR,2,1990,7,3.0,1.242,0.638,13.7
TV070,2,PB,SR,2,1991,11,10.6,0.750,0.313,15.9
TV070,2,PB,SR,2,1992,11,12.9,0.795,0.330,16.9
TV070,2,PB,SR,2,1993,12,14.3,1.415,0.552,21.5
TV070,2,PB,SR,2,1994,11,28.2,1.060,0.442,28.8
TV070,2,PB,SR,2,1995,11,29.6,1.111,0.463,27.4
TV070,2,PB,SR,2,1997,13,51.3,1.201,0.468,27.6
TV070,2,PB,SR,2,1998,17,36.0,1.384,0.489,22.4
TV070,2,PB,SR,2,1999,18,52.7,1.351,0.468,23.4
TV070,2,PB,SR,2,2000,15,62.5,1.210,0.450,27.0
TV070,2,PB,SR,2,2001,13,60.2,1.390,0.540,33.9
TV070,2,PB,SR,2,2002,13,69.3,1.250,0.490,36.9
TV070,2,PB,SR,2,2003,14,68.8,1.340,0.510,35.2
TV070,2,PB,SR,2,2004,14,67.1,1.370,0.520,34.6
TV070,2,PB,SR,2,2005,13,64.4,1.247,0.486,38.6
TV070,2,PB,SR,3,1984,1,0.1,0.000,0.000,1.0
TV070,2,PB,SR,3,1985,2,0.2,0.693,1.000,1.0
TV070,2,PB,SR,3,1986,4,0.4,1.386,1.000,1.5
TV070,2,PB,SR,3,1988,7,0.7,1.946,1.000,1.9
TV070,2,PB,SR,3,1989,9,1.0,2.164,0.985,1.8
TV070,2,PB,SR,3,1990,9,1.7,1.773,0.807,4.5
TV070,2,PB,SR,3,1991,9,2.6,1.352,0.615,4.3
TV070,2,PB,SR,3,1992,15,3.8,1.999,0.738,5.3
TV070,2,PB,SR,3,1993,17,5.5,2.073,0.732,9.0
TV070,2,PB,SR,3,1994,16,9.2,1.721,0.621,14.0
TV070,2,PB,SR,3,1995,16,6.9,2.045,0.738,8.1
TV070,2,PB,SR,3,1997,17,10.6,1.869,0.660,11.9
TV070,2,PB,SR,3,1998,18,21.1,1.576,0.545,17.8
TV070,2,PB,SR,3,1999,18,33.6,1.488,0.515,18.0
TV070,2,PB,SR,3,2000,18,57.6,0.640,0.220,15.8
TV070,2,PB,SR,3,2001,17,51.4,0.840,0.300,18.2
TV070,2,PB,SR,3,2002,18,68.1,0.710,0.250,19.0
TV070,2,PB,SR,3,2003,20,64.9,0.880,0.300,17.2
TV070,2,PB,SR,3,2004,19,60.6,1.090,0.370,19.1
TV070,2,PB,SR,3,2005,15,60.7,0.697,0.260,26.2
TV070,2,PB,SR,4,1984,0,0.0,0.000,0.000,0.0
TV070,2,PB,SR,4,1985,0,0.0,0.000,0.000,0.0
TV070,2,PB,SR,4,1986,0,0.0,0.000,0.000,0.0
TV070,2,PB,SR,4,1988,0,0.0,0.000,0.000,0.0
TV070,2,PB,SR,4,1989,3,0.3,1.099,1.000,1.3
TV070,2,PB,SR,4,1990,5,0.5,1.609,1.000,1.8
TV070,2,PB,SR,4,1991,5,0.5,1.609,1.000,1.2
TV070,2,PB,SR,4,1992,7,0.7,1.947,1.000,2.4
TV070,2,PB,SR,4,1993,8,1.7,1.479,0.711,12.0
TV070,2,PB,SR,4,1994,9,4.4,0.852,0.388,12.6
TV070,2,PB,SR,4,1995,10,6.5,0.706,0.307,4.3
TV070,2,PB,SR,4,1997,11,11.0,0.914,0.381,15.8
TV070,2,PB,SR,4,1998,12,29.6,0.495,0.199,16.6
TV070,2,PB,SR,4,1999,13,50.3,0.406,0.158,15.2
TV070,2,PB,SR,4,2000,15,67.5,0.340,0.130,12.1
TV070,2,PB,SR,4,2001,13,65.8,0.280,0.110,12.9
TV070,2,PB,SR,4,2002,11,73.7,0.350,0.150,21.3
TV070,2,PB,SR,4,2003,15,60.9,0.730,0.270,20.0
TV070,2,PB,SR,4,2004,14,54.8,0.890,0.340,20.7
TV070,2,PB,SR,4,2005,15,56.1,0.594,0.219,19.0
TV070,2,PB,SR,5,1984,0,0.0,0.000,0.000,0.0
TV070,2,PB,SR,5,1985,0,0.0,0.000,0.000,0.0
TV070,2,PB,SR,5,1986,0,0.0,0.000,0.000,0.0
TV070,2,PB,SR,5,1988,1,0.1,0.000,0.000,1.0
TV070,2,PB,SR,5,1989,1,0.1,0.000,0.000,1.0
TV070,2,PB,SR,5,1990,3,0.3,1.099,1.000,2.3
TV070,2,PB,SR,5,1991,3,0.3,1.099,1.000,2.3
TV070,2,PB,SR,5,1992,8,0.8,2.079,1.000,3.0
TV070,2,PB,SR,5,1993,10,1.3,2.138,0.929,3.4
TV070,2,PB,SR,5,1994,9,1.6,1.835,0.835,7.1
TV070,2,PB,SR,5,1995,11,1.5,2.172,0.906,4.3
TV070,2,PB,SR,5,1997,15,2.0,2.580,0.953,5.1
TV070,2,PB,SR,5,1998,16,3.3,2.426,0.876,6.8
TV070,2,PB,SR,5,1999,16,3.8,2.273,0.820,7.8
TV070,2,PB,SR,5,2001,13,3.6,1.940,0.760,9.2
TV070,2,PB,SR,5,2002,14,5.7,2.090,0.790,13.1
TV070,2,PB,SR,5,2003,14,8.7,1.630,0.620,14.3
TV070,2,PB,SR,5,2004,18,26.6,0.920,0.320,13.4
TV070,2,PB,SR,5,2005,15,8.9,1.871,0.691,20.3
TV070,2,PB,SR,6,1984,0,0.0,0.000,0.000,0.0
TV070,2,PB,SR,6,1985,0,0.0,0.000,0.000,0.0
TV070,2,PB,SR,6,1986,1,0.1,0.000,0.000,2.0
TV070,2,PB,SR,6,1988,5,0.5,1.609,1.000,1.6
TV070,2,PB,SR,6,1989,9,0.9,2.197,1.000,1.3
TV070,2,PB,SR,6,1990,11,1.3,2.311,0.964,2.5
TV070,2,PB,SR,6,1991,15,1.6,2.686,0.992,3.6
TV070,2,PB,SR,6,1992,18,2.7,2.722,0.942,5.7
TV070,2,PB,SR,6,1993,20,6.8,2.228,0.744,6.5
TV070,2,PB,SR,6,1994,19,6.7,2.099,0.713,11.9
TV070,2,PB,SR,6,1995,19,8.2,2.247,0.763,10.1
TV070,2,PB,SR,6,1997,19,20.3,1.875,0.637,5.1
TV070,2,PB,SR,6,1998,21,18.7,1.845,0.597,14.1
TV070,2,PB,SR,6,1999,21,30.5,1.753,0.559,14.1
TV070,2,PB,SR,6,2000,25,37.3,1.620,0.500,12.1
TV070,2,PB,SR,6,2001,24,34.0,1.670,0.530,11.6
TV070,2,PB,SR,6,2002,24,45.6,1.560,0.490,15.9
TV070,2,PB,SR,6,2003,24,38.7,1.680,0.530,17.4
TV070,2,PB,SR,6,2004,20,55.9,1.640,0.550,20.8
TV070,2,PB,SR,6,2005,21,36.4,1.809,0.594,18.2
TV070,2,PB,SR,7,1984,0,0.0,0.000,0.000,0.0
TV070,2,PB,SR,7,1985,0,0.0,0.000,0.000,0.0
TV070,2,PB,SR,7,1986,0,0.0,0.000,0.000,0.0
TV070,2,PB,SR,7,1988,1,0.1,0.000,0.000,1.0
TV070,2,PB,SR,7,1989,3,0.3,1.099,1.000,1.0
TV070,2,PB,SR,7,1990,5,0.5,1.609,1.000,1.0
TV070,2,PB,SR,7,1991,8,0.8,2.079,1.000,1.8
TV070,2,PB,SR,7,1992,8,0.8,2.079,1.000,2.9
TV070,2,PB,SR,7,1993,10,1.0,2.303,1.000,3.0
TV070,2,PB,SR,7,1994,10,1.0,2.303,1.000,3.0
TV070,2,PB,SR,7,1995,15,1.5,2.708,1.000,2.6
TV070,2,PB,SR,7,1997,16,1.8,2.707,0.976,3.3
TV070,2,PB,SR,7,1998,17,2.4,2.648,0.935,5.1
TV070,2,PB,SR,7,1999,18,2.8,2.611,0.903,4.8
TV070,2,PB,SR,7,2001,19,6.5,1.740,0.590,6.7
TV070,2,PB,SR,7,2002,16,7.9,1.450,0.520,11.2
TV070,2,PB,SR,7,2003,19,12.5,1.210,0.410,10.7
TV070,2,PB,SR,7,2004,18,14.8,1.410,0.490,13.8
TV070,2,PB,SR,7,2005,17,13.4,1.207,0.426,12.7
TV070,2,PB,SR,8,1984,0,0.0,0.000,0.000,0.0
TV070,2,PB,SR,8,1985,0,0.0,0.000,0.000,0.0
TV070,2,PB,SR,8,1986,1,0.1,0.000,1.000,4.0
TV070,2,PB,SR,8,1988,5,0.5,1.609,1.000,1.6
TV070,2,PB,SR,8,1989,8,1.0,1.973,0.949,1.5
TV070,2,PB,SR,8,1990,7,0.9,1.831,0.941,4.0
TV070,2,PB,SR,8,1991,10,1.0,2.303,1.000,2.4
TV070,2,PB,SR,8,1992,11,1.2,2.369,0.988,4.4
TV070,2,PB,SR,8,1993,16,3.1,2.213,0.798,7.4
TV070,2,PB,SR,8,1994,14,1.9,2.552,0.967,7.3
TV070,2,PB,SR,8,1995,16,2.4,2.535,0.914,6.3
TV070,2,PB,SR,8,1997,18,7.1,2.000,0.693,9.5
TV070,2,PB,SR,8,1998,16,8.2,1.960,0.707,13.0
TV070,2,PB,SR,8,1999,20,11.9,1.927,0.643,12.5
TV070,2,PB,SR,8,2000,20,12.5,1.710,0.570,11.8
TV070,2,PB,SR,8,2001,15,14.6,1.340,0.490,15.3
TV070,2,PB,SR,8,2002,13,18.3,1.310,0.510,19.7
TV070,2,PB,SR,8,2003,17,19.7,1.410,0.500,18.2
TV070,2,PB,SR,8,2004,15,28.5,1.320,0.490,22.5
TV070,2,PB,SR,8,2005,15,14.3,1.242,0.459,18.0
TV070,2,PB,SR,9,1984,2,0.2,0.693,1.000,1.0
TV070,2,PB,SR,9,1985,2,0.2,0.693,1.000,1.0
TV070,2,PB,SR,9,1986,3,0.3,1.099,1.000,1.3
TV070,2,PB,SR,9,1988,4,0.4,1.386,1.000,2.5
TV070,2,PB,SR,9,1989,7,0.8,1.906,0.980,2.4
TV070,2,PB,SR,9,1990,7,1.1,1.799,0.924,4.0
TV070,2,PB,SR,9,1991,8,0.8,2.079,1.000,3.4
TV070,2,PB,SR,9,1992,10,1.2,2.210,0.960,3.9
TV070,2,PB,SR,9,1993,14,2.4,2.290,0.868,6.4
TV070,2,PB,SR,9,1994,15,2.4,2.296,0.880,6.4
TV070,2,PB,SR,9,1995,16,3.6,1.938,0.699,6.1
TV070,2,PB,SR,9,1997,16,4.1,2.221,0.801,11.2
TV070,2,PB,SR,9,1998,18,8.8,1.997,0.691,12.2
TV070,2,PB,SR,9,1999,19,9.5,2.011,0.683,12.8
TV070,2,PB,SR,9,2000,20,8.3,2.200,0.730,11.7
TV070,2,PB,SR,9,2001,20,12.2,2.020,0.670,11.9
TV070,2,PB,SR,9,2002,20,11.2,2.060,0.690,14.2
TV070,2,PB,SR,9,2003,20,19.3,1.250,0.420,15.2
TV070,2,PB,SR,9,2004,20,24.0,1.370,0.460,16.0
TV070,2,PB,SR,9,2005,17,19.0,1.161,0.410,17.2
TV070,2,PB,SR,10,1984,1,0.1,0.000,0.000,1.0
TV070,2,PB,SR,10,1985,2,0.2,0.693,1.000,1.0
TV070,2,PB,SR,10,1986,2,0.2,0.693,1.000,1.0
TV070,2,PB,SR,10,1988,6,0.6,1.792,1.000,1.2
TV070,2,PB,SR,10,1989,6,0.6,1.792,1.000,1.3
TV070,2,PB,SR,10,1990,7,0.7,1.946,1.000,2.4
TV070,2,PB,SR,10,1991,11,1.1,2.398,1.000,3.5
TV070,2,PB,SR,10,1992,14,1.5,2.616,0.991,3.7
TV070,2,PB,SR,10,1993,17,2.7,2.474,0.873,5.0
TV070,2,PB,SR,10,1994,18,2.1,2.846,0.985,4.7
TV070,2,PB,SR,10,1995,18,1.9,2.871,0.993,3.7
TV070,2,PB,SR,10,1997,20,3.5,2.694,0.899,8.9
TV070,2,PB,SR,10,1998,19,4.6,2.575,0.874,10.6
TV070,2,PB,SR,10,1999,19,7.9,2.293,0.779,15.2
TV070,2,PB,SR,10,2001,22,10.1,2.040,0.660,10.2
TV070,2,PB,SR,10,2002,18,12.6,1.730,0.600,15.6
TV070,2,PB,SR,10,2003,18,18.8,1.440,0.500,21.1
TV070,2,PB,SR,10,2004,17,26.8,1.180,0.420,20.0
TV070,2,PB,SR,10,2005,18,16.9,1.247,0.431,16.3
TV070,2,PB,SR,11,1989,6,0.6,1.792,1.000,2.0
TV070,2,PB,SR,11,1990,8,1.2,1.979,0.952,3.5
TV070,2,PB,SR,11,1991,10,1.1,2.272,0.987,2.7
TV070,2,PB,SR,11,1992,15,1.5,2.708,1.000,3.6
TV070,2,PB,SR,11,1993,16,1.9,2.698,0.973,5.0
TV070,2,PB,SR,11,1994,15,3.3,2.331,0.861,7.4
TV070,2,PB,SR,11,1995,16,3.1,2.424,0.874,6.8
TV070,2,PB,SR,11,1997,18,6.0,1.910,0.661,9.1
TV070,2,PB,SR,11,1999,19,7.7,2.090,0.710,13.9
TV070,2,PB,SR,11,2000,21,8.7,1.980,0.650,11.3
TV070,2,PB,SR,11,2001,20,9.0,2.100,0.700,10.8
TV070,2,PB,SR,11,2002,20,11.6,1.780,0.590,12.8
TV070,2,PB,SR,11,2003,21,13.2,1.640,0.540,13.3
TV070,2,PB,SR,11,2004,19,15.9,1.720,0.580,16.3
TV070,2,PB,SR,11,2005,17,10.6,1.870,0.660,16.1
TV070,2,PB,SR,12,1989,4,0.4,1.386,1.000,2.3
TV070,2,PB,SR,12,1990,6,0.6,1.792,1.000,2.7
TV070,2,PB,SR,12,1991,9,1.6,1.733,0.789,3.9
TV070,2,PB,SR,12,1992,13,1.6,2.426,0.947,3.3
TV070,2,PB,SR,12,1993,13,1.8,2.447,0.954,3.6
TV070,2,PB,SR,12,1994,16,2.7,2.536,0.915,4.6
TV070,2,PB,SR,12,1995,17,3.0,2.408,0.850,5.6
TV070,2,PB,SR,12,1997,18,5.0,2.121,0.734,12.2
TV070,2,PB,SR,12,1999,19,10.4,1.930,0.655,14.9
TV070,2,PB,SR,12,2000,19,12.3,1.800,0.610,13.7
TV070,2,PB,SR,12,2001,18,14.3,2.000,0.690,14.9
TV070,2,PB,SR,12,2002,17,16.5,1.770,0.620,19.4
TV070,2,PB,SR,12,2003,15,14.9,1.780,0.660,22.3
TV070,2,PB,SR,12,2004,15,29.6,1.450,0.540,25.2
TV070,2,PB,SR,12,2005,15,10.2,1.766,0.650,22.1
TV070,2,PB,SR,13,1989,6,0.7,1.748,0.976,2.0
TV070,2,PB,SR,13,1990,7,0.7,1.946,1.000,2.3
TV070,2,PB,SR,13,1991,9,0.9,2.197,1.000,1.7
TV070,2,PB,SR,13,1992,11,1.1,2.380,1.000,2.8
TV070,2,PB,SR,13,1993,13,1.3,2.565,1.000,2.0
TV070,2,PB,SR,13,1994,15,1.7,2.670,0.986,4.6
TV070,2,PB,SR,13,1995,16,1.7,2.752,0.992,4.5
TV070,2,PB,SR,13,1997,17,3.8,2.486,0.878,8.0
TV070,2,PB,SR,13,1999,18,8.7,2.123,0.735,9.9
TV070,2,PB,SR,13,2000,2,10.5,1.880,0.600,8.1
TV070,2,PB,SR,13,2001,24,21.3,1.610,0.510,9.4
TV070,2,PB,SR,13,2002,20,14.1,1.860,0.620,12.0
TV070,2,PB,SR,13,2003,19,14.2,1.590,0.540,13.8
TV070,2,PB,SR,13,2004,15,21.3,1.420,0.530,18.4
TV070,2,PB,SR,13,2005,17,16.9,1.338,0.472,16.1
TV070,2,PB,SR,14,1989,5,0.5,1.609,1.000,1.0
TV070,2,PB,SR,14,1990,5,0.5,1.609,1.000,1.4
TV070,2,PB,SR,14,1991,8,0.8,2.079,1.000,1.5
TV070,2,PB,SR,14,1992,12,2.1,1.965,0.784,2.7
TV070,2,PB,SR,14,1993,12,2.0,2.007,0.808,2.1
TV070,2,PB,SR,14,1994,12,2.2,1.892,0.761,3.0
TV070,2,PB,SR,14,1995,14,1.6,2.567,0.973,2.9
TV070,2,PB,SR,14,1997,15,1.8,2.507,0.954,4.7
TV070,2,PB,SR,14,1999,17,3.6,2.242,0.791,5.3
TV070,2,PB,SR,14,2000,16,3.4,2.070,0.750,7.4
TV070,2,PB,SR,14,2001,19,4.8,2.010,0.750,8.1
TV070,2,PB,SR,14,2002,19,6.5,2.010,0.680,9.4
TV070,2,PB,SR,14,2003,18,6.5,1.880,0.650,11.2
TV070,2,PB,SR,14,2004,17,10.8,1.530,0.540,13.1
TV070,2,PB,SR,14,2005,18,6.0,1.800,0.620,10.2
TV070,2,PB,SR,15,1989,6,0.6,1.792,1.000,2.2
TV070,2,PB,SR,15,1990,6,0.6,1.792,1.000,2.0
TV070,2,PB,SR,15,1991,7,0.7,1.946,1.000,2.1
TV070,2,PB,SR,15,1992,1,1.0,2.303,1.000,2.1
TV070,2,PB,SR,15,1993,11,1.3,2.311,0.964,3.2
TV070,2,PB,SR,15,1994,11,1.1,2.398,1.000,3.7
TV070,2,PB,SR,15,1995,13,1.7,2.445,0.953,4.2
TV070,2,PB,SR,15,1997,13,1.4,2.540,0.990,5.2
TV070,2,PB,SR,15,1999,15,5.3,1.960,0.724,5.6
TV070,2,PB,SR,15,2000,16,3.9,2.070,0.750,6.3
TV070,2,PB,SR,15,2001,20,5.6,1.770,0.590,5.2
TV070,2,PB,SR,15,2002,18,6.2,1.780,0.620,9.1
TV070,2,PB,SR,15,2003,20,5.9,2.050,0.680,7.5
TV070,2,PB,SR,15,2004,15,7.5,1.740,0.640,17.8
TV070,2,PB,SR,15,2005,17,7.3,1.463,0.516,8.6
TV070,2,PB,SR,16,1989,3,0.3,1.099,1.000,1.7
TV070,2,PB,SR,16,1990,4,0.4,1.386,1.000,1.8
TV070,2,PB,SR,16,1991,5,0.5,1.609,1.000,2.8
TV070,2,PB,SR,16,1992,8,0.8,2.076,1.000,2.8
TV070,2,PB,SR,16,1993,9,0.9,2.197,1.000,2.6
TV070,2,PB,SR,16,1994,10,1.0,2.303,1.000,4.1
TV070,2,PB,SR,16,1995,11,1.1,2.398,1.000,3.9
TV070,2,PB,SR,16,1997,14,2.1,2.376,0.900,4.5
TV070,2,PB,SR,16,1999,19,2.8,2.701,0.917,3.6
TV070,2,PB,SR,16,2000,19,2.9,2.760,0.940,5.1
TV070,2,PB,SR,16,2001,20,3.5,2.680,0.890,6.1
TV070,2,PB,SR,16,2002,18,3.5,2.400,0.830,6.4
TV070,2,PB,SR,16,2003,18,2.4,2.720,0.940,5.7
TV070,2,PB,SR,16,2004,16,4.3,2.160,0.780,15.9
TV070,2,PB,SR,16,2005,16,3.3,2.281,0.820,9.8
TV070,2,PB,SR,17,1989,2,0.2,0.693,1.000,2.0
TV070,2,PB,SR,17,1990,5,0.5,14.610,1.000,2.2
TV070,2,PB,SR,17,1991,7,0.7,1.946,1.000,2.1
TV070,2,PB,SR,17,1992,9,1.3,1.946,0.886,2.9
TV070,2,PB,SR,17,1994,11,1.1,2.398,1.000,3.1
TV070,2,PB,SR,17,1995,15,1.6,2.686,0.992,4.2
TV070,2,PB,SR,17,1997,16,2.1,2.624,0.946,4.1
TV070,2,PB,SR,17,1999,17,2.6,2.665,0.940,3.8
TV070,2,PB,SR,17,2000,21,2.8,2.930,0.960,5.6
TV070,2,PB,SR,17,2001,20,2.5,2.890,0.960,4.5
TV070,2,PB,SR,17,2002,20,2.7,2.850,0.950,5.5
TV070,2,PB,SR,17,2003,20,2.9,2.740,0.920,6.1
TV070,2,PB,SR,17,2004,18,2.9,2.660,0.920,10.6
TV070,2,PB,SR,17,2005,18,3.0,2.582,0.893,5.8
TV070,2,PB,SR,18,1989,4,0.4,1.386,1.000,1.3
TV070,2,PB,SR,18,1990,6,0.6,1.792,1.000,1.8
TV070,2,PB,SR,18,1991,7,0.7,1.946,1.000,1.5
TV070,2,PB,SR,18,1992,11,1.1,2.398,1.000,2.0
TV070,2,PB,SR,18,1994,11,1.1,2.398,1.000,3.4
TV070,2,PB,SR,18,1995,16,1.7,2.752,0.992,3.0
TV070,2,PB,SR,18,1997,17,1.9,2.771,0.978,3.2
TV070,2,PB,SR,18,1999,21,3.7,2.462,0.809,3.7
TV070,2,PB,SR,18,2000,20,3.0,2.710,0.910,5.2
TV070,2,PB,SR,18,2001,22,2.8,2.910,0.940,3.9
TV070,2,PB,SR,18,2002,2,3.0,2.920,0.930,4.9
TV070,2,PB,SR,18,2003,2,3.1,2.880,0.920,4.4
TV070,2,PB,SR,18,2004,21,3.7,2.650,0.870,12.3
TV070,2,PB,SR,18,2005,19,2.8,2.631,0.893,6.3
TV070,2,PB,SR,19,1989,2,0.3,0.637,0.918,2.5
TV070,2,PB,SR,19,1990,3,0.3,1.099,1.000,2.3
TV070,2,PB,SR,19,1991,5,0.7,1.475,0.917,2.4
TV070,2,PB,SR,19,1992,8,1.2,1.814,0.872,2.3
TV070,2,PB,SR,19,1994,9,1.5,1.800,0.819,3.1
TV070,2,PB,SR,19,1995,13,1.4,2.540,0.990,2.6
TV070,2,PB,SR,19,1997,14,1.4,2.639,1.000,2.8
TV070,2,PB,SR,19,1999,16,1.6,2.773,1.000,2.3
TV070,2,PB,SR,19,2000,18,2.3,2.770,0.960,6.5
TV070,2,PB,SR,19,2001,19,2.2,2.900,0.980,3.3
TV070,2,PB,SR,19,2002,18,2.8,2.630,0.910,6.6
TV070,2,PB,SR,19,2003,18,3.2,2.590,0.900,5.2
TV070,2,PB,SR,19,2004,16,3.7,2.370,0.860,14.6
TV070,2,PB,SR,19,2005,18,3.2,2.600,0.900,7.5
TV070,2,PB,SR,20,1989,0,0.0,0.000,0.000,0.0
TV070,2,PB,SR,20,1990,5,0.5,1.609,1.000,1.4
TV070,2,PB,SR,20,1991,7,0.7,1.946,1.000,1.6
TV070,2,PB,SR,20,1992,9,0.9,2.197,1.000,2.0
TV070,2,PB,SR,20,1994,13,1.3,2.565,1.000,2.6
TV070,2,PB,SR,20,1995,17,1.7,2.833,1.000,2.0
TV070,2,PB,SR,20,1997,20,2.8,2.781,0.928,3.1
TV070,2,PB,SR,20,1999,21,3.7,2.667,0.876,3.0
TV070,2,PB,SR,20,2000,21,4.6,2.430,0.800,0.8
TV070,2,PB,SR,20,2001,2,4.3,2.650,0.840,0.8
TV070,2,PB,SR,20,2002,2,5.3,2.490,0.790,0.8
TV070,2,PB,SR,20,2003,22,3.2,2.870,0.930,0.9
TV070,2,PB,SR,20,2004,21,3.9,2.680,0.880,0.9
TV070,2,PB,SR,20,2005,19,2.6,2.817,0.957,7.6
TV070,2,SB,TR,1,1981,2,4.1,0.115,0.165,6.5
TV070,2,SB,TR,1,1982,10,10.8,0.470,0.204,5.4
TV070,2,SB,TR,1,1983,10,12.7,0.727,0.316,6.0
TV070,2,SB,TR,1,1984,13,12.3,1.028,0.401,5.9
TV070,2,SB,TR,1,1986,16,11.7,1.557,0.562,6.4
TV070,2,SB,TR,1,1987,16,15.6,1.360,0.491,9.1
TV070,2,SB,TR,1,1994,22,45.6,1.809,0.585,20.3
TV070,2,SB,TR,1,1996,26,26.7,2.189,0.664,18.7
TV070,2,SB,TR,1,1997,26,33.4,2.294,0.704,20.1
TV070,2,SB,TR,2,1981,9,1.8,1.908,0.868,4.2
TV070,2,SB,TR,2,1982,12,5.6,1.617,0.651,5.9
TV070,2,SB,TR,2,1983,14,6.1,1.903,0.721,4.4
TV070,2,SB,TR,2,1984,13,8.1,1.528,0.596,7.1
TV070,2,SB,TR,2,1986,11,11.4,1.759,0.733,10.2
TV070,2,SB,TR,2,1987,11,13.3,1.566,0.653,14.6
TV070,2,SB,TR,2,1994,16,28.4,1.882,0.679,24.0
TV070,2,SB,TR,2,1996,22,28.3,2.043,0.661,22.8
TV070,2,SB,TR,2,1997,21,28.7,2.097,0.700,29.2
TV070,2,SB,TR,3,1981,10,3.3,1.481,0.643,4.4
TV070,2,SB,TR,3,1982,16,5.7,1.637,0.590,4.9
TV070,2,SB,TR,3,1983,14,4.9,2.148,0.814,5.6
TV070,2,SB,TR,3,1984,17,6.3,1.863,0.658,6.0
TV070,2,SB,TR,3,1986,17,10.4,1.646,0.581,9.2
TV070,2,SB,TR,3,1987,16,20.4,1.483,0.535,12.1
TV070,2,SB,TR,3,1994,19,19.6,1.635,0.556,13.9
TV070,2,SB,TR,3,1996,20,22.8,1.825,0.609,19.8
TV070,2,SB,TR,3,1997,19,22.5,1.853,0.629,18.5
TV070,2,SB,TR,4,1981,8,1.7,1.692,0.813,8.5
TV070,2,SB,TR,4,1982,13,10.0,1.644,0.641,9.2
TV070,2,SB,TR,4,1983,11,10.8,1.449,0.604,11.0
TV070,2,SB,TR,4,1984,15,15.0,1.284,0.487,8.4
TV070,2,SB,TR,4,1986,14,13.6,1.621,0.614,14.7
TV070,2,SB,TR,4,1987,13,16.0,1.409,0.549,19.6
TV070,2,SB,TR,4,1994,13,19.0,1.283,0.500,25.3
TV070,2,SB,TR,4,1996,16,13.1,1.311,0.462,27.8
TV070,2,SB,TR,4,1997,16,17.1,1.832,0.661,25.2
TV070,2,SB,TR,5,1981,9,2.1,1.457,0.663,4.0
TV070,2,SB,TR,5,1982,13,3.6,1.896,0.739,7.2
TV070,2,SB,TR,5,1983,11,2.9,1.765,0.736,5.0
TV070,2,SB,TR,5,1984,13,3.9,1.637,0.638,5.2
TV070,2,SB,TR,5,1986,12,6.6,1.332,0.532,12.7
TV070,2,SB,TR,5,1987,11,14.0,0.811,0.338,20.2
TV070,2,SB,TR,5,1994,12,22.2,1.328,0.535,25.3
TV070,2,SB,TR,5,1996,13,22.0,1.578,0.635,27.8
TV070,2,SB,TR,5,1997,13,22.2,1.119,0.436,22.5
TV070,2,SB,TR,6,1981,6,0.6,1.792,1.000,4.2
TV070,2,SB,TR,6,1982,11,6.9,1.265,0.527,9.4
TV070,2,SB,TR,6,1983,10,2.0,1.912,0.831,5.0
TV070,2,SB,TR,6,1984,10,2.9,1.812,0.787,6.8
TV070,2,SB,TR,6,1986,11,8.4,1.447,0.603,19.0
TV070,2,SB,TR,6,1987,11,20.4,1.000,0.417,18.9
TV070,2,SB,TR,6,1994,12,20.9,1.860,0.749,39.9
TV070,2,SB,TR,6,1996,11,24.3,1.950,0.813,36.2
TV070,2,SB,TR,6,1997,14,22.2,1.941,0.748,29.4
TV070,2,SB,TR,7,1981,5,4.6,1.043,0.648,14.0
TV070,2,SB,TR,7,1982,8,12.8,1.133,0.545,14.9
TV070,2,SB,TR,7,1983,7,11.0,1.169,0.601,14.9
TV070,2,SB,TR,7,1984,9,10.3,1.442,0.656,12.3
TV070,2,SB,TR,7,1986,9,22.5,0.889,0.404,21.0
TV070,2,SB,TR,7,1987,9,26.9,0.707,0.322,25.0
TV070,2,SB,TR,7,1994,10,24.4,1.379,0.599,39.1
TV070,2,SB,TR,7,1996,10,15.2,1.623,0.705,37.6
TV070,2,SB,TR,7,1997,10,20.1,1.620,0.703,44.1
TV070,2,SB,TR,8,1981,6,0.7,1.748,0.976,1.5
TV070,2,SB,TR,8,1982,8,5.6,0.797,0.383,6.7
TV070,2,SB,TR,8,1983,8,1.1,1.972,0.918,2.6
TV070,2,SB,TR,8,1984,9,1.9,1.777,0.809,3.4
TV070,2,SB,TR,8,1986,9,1.2,2.095,0.953,4.5
TV070,2,SB,TR,8,1987,9,3.6,1.357,0.618,16.1
TV070,2,SB,TR,8,1994,12,8.7,1.714,0.690,23.4
TV070,2,SB,TR,8,1996,13,7.4,1.687,0.685,15.8
TV070,2,SB,TR,8,1997,13,6.1,1.893,0.738,17.9
TV070,2,SB,TR,9,1981,7,4.2,1.375,0.707,9.9
TV070,2,SB,TR,9,1982,8,8.2,1.388,0.667,12.1
TV070,2,SB,TR,9,1983,10,10.5,1.463,0.635,8.7
TV070,2,SB,TR,9,1984,10,7.7,1.320,0.573,10.1
TV070,2,SB,TR,9,1986,11,11.0,1.784,0.744,14.7
TV070,2,SB,TR,9,1987,11,13.3,1.467,0.612,17.4
TV070,2,SB,TR,9,1994,10,15.9,1.778,0.772,28.7
TV070,2,SB,TR,9,1996,11,15.1,1.687,0.703,23.5
TV070,2,SB,TR,9,1997,12,17.3,1.689,0.680,26.3
TV070,2,SB,TR,10,1981,8,3.1,1.560,0.751,4.3
TV070,2,SB,TR,10,1982,13,4.7,1.893,0.738,6.0
TV070,2,SB,TR,10,1983,13,3.3,2.179,0.849,4.7
TV070,2,SB,TR,10,1984,13,4.6,1.859,0.725,5.4
TV070,2,SB,TR,10,1986,11,5.7,1.749,0.729,13.1
TV070,2,SB,TR,10,1987,11,13.4,1.140,0.475,20.9
TV070,2,SB,TR,10,1994,11,17.6,1.880,0.784,28.7
TV070,2,SB,TR,10,1997,11,12.7,1.905,0.794,24.4
TV070,2,T,BCA,1,1980,10,15.5,1.886,0.819,29.5
TV070,2,T,BCA,1,1981,15,50.7,1.656,0.612,26.9
TV070,2,T,BCA,1,1982,16,39.6,1.752,0.647,26.1
TV070,2,T,BCA,1,1983,16,43.2,1.408,0.508,23.7
TV070,2,T,BCA,1,1984,17,27.0,1.547,0.546,17.6
TV070,2,T,BCA,1,1985,18,25.0,1.562,0.540,16.6
TV070,2,T,BCA,1,1986,18,32.9,1.340,0.358,22.1
TV070,2,T,BCA,1,1987,18,45.0,1.319,0.456,24.6
TV070,2,T,BCA,1,1988,16,28.4,1.480,0.534,26.1
TV070,2,T,BCA,1,1989,19,48.7,1.469,0.499,25.7
TV070,2,T,BCA,1,1990,18,44.1,1.293,0.447,21.9
TV070,2,T,BCA,1,1991,19,42.2,1.513,0.514,24.4
TV070,2,T,BCA,1,1992,20,47.5,1.420,0.474,21.9
TV070,2,T,BCA,1,1994,21,55.5,1.502,0.493,23.6
TV070,2,T,BCA,1,1996,21,58.2,1.502,0.493,20.0
TV070,2,T,BCA,1,1997,21,59.4,1.613,0.530,21.8
TV070,2,T,BCA,1,1998,21,54.4,1.508,0.495,19.7
TV070,2,T,BCA,1,2000,19,48.0,1.610,0.550,20.4
TV070,2,T,BCA,1,2002,20,49.3,1.770,0.590,19.7
TV070,2,T,BCA,1,2003,22,41.1,1.750,0.570,18.4
TV070,2,T,BCA,1,2004,19,43.8,1.760,0.600,19.6
TV070,2,T,BCA,1,2005,20,48.5,1.640,0.550,20.5
TV070,2,T,BCA,3,1980,15,32.2,1.425,0.526,21.5
TV070,2,T,BCA,3,1981,17,71.2,1.326,0.468,18.8
TV070,2,T,BCA,3,1982,19,46.9,1.414,0.480,20.8
TV070,2,T,BCA,3,1983,20,50.5,1.226,0.409,17.5
TV070,2,T,BCA,3,1984,19,21.2,1.393,0.473,16.6
TV070,2,T,BCA,3,1985,19,26.7,1.000,0.356,14.6
TV070,2,T,BCA,3,1986,19,38.8,0.778,0.264,17.0
TV070,2,T,BCA,3,1987,19,55.0,0.980,0.319,22.3
TV070,2,T,BCA,3,1988,20,40.9,1.074,0.358,19.9
TV070,2,T,BCA,3,1989,22,61.1,1.180,0.382,19.4
TV070,2,T,BCA,3,1990,19,49.8,1.093,0.371,19.7
TV070,2,T,BCA,3,1991,19,51.4,1.524,0.518,26.1
TV070,2,T,BCA,3,1992,20,46.3,1.430,0.477,20.5
TV070,2,T,BCA,3,1994,20,66.3,1.241,0.414,22.4
TV070,2,T,BCA,3,1996,24,64.0,1.351,0.425,20.2
TV070,2,T,BCA,3,1997,22,63.0,1.502,0.486,22.5
TV070,2,T,BCA,3,1998,2,62.7,1.427,0.455,19.7
TV070,2,T,BCA,3,1999,2,48.1,1.563,0.499,24.9
TV070,2,T,BCA,3,2000,19,52.2,1.810,0.610,21.7
TV070,2,T,BCA,3,2002,19,56.6,1.960,0.660,26.2
TV070,2,T,BCA,3,2003,19,46.6,1.930,0.650,24.7
TV070,2,T,BCA,3,2004,18,53.3,2.130,0.740,23.3
TV070,2,T,BCA,3,2005,21,50.2,1.830,0.600,22.5
TV070,2,T,BCA,4,1980,9,18.5,1.754,0.798,31.4
TV070,2,T,BCA,4,1981,14,55.5,1.778,0.693,26.7
TV070,2,T,BCA,4,1982,16,38.7,1.931,0.697,29.5
TV070,2,T,BCA,4,1983,17,36.1,2.011,0.607,24.9
TV070,2,T,BCA,4,1984,16,17.6,1.501,0.541,18.9
TV070,2,T,BCA,4,1985,17,24.9,0.939,0.331,19.3
TV070,2,T,BCA,4,1986,17,29.3,1.018,0.359,20.8
TV070,2,T,BCA,4,1987,18,40.0,0.584,0.548,27.0
TV070,2,T,BCA,4,1988,20,32.2,1.658,0.553,20.4
TV070,2,T,BCA,4,1989,20,43.3,1.623,0.542,24.9
TV070,2,T,BCA,4,1990,17,40.6,1.650,0.582,26.5
TV070,2,T,BCA,4,1991,18,45.4,1.709,0.591,32.4
TV070,2,T,BCA,4,1992,17,40.0,1.528,0.539,26.6
TV070,2,T,BCA,4,1994,18,63.1,1.391,0.481,23.7
TV070,2,T,BCA,4,1996,21,44.4,1.743,0.572,25.6
TV070,2,T,BCA,4,1997,22,49.7,1.664,0.538,25.2
TV070,2,T,BCA,4,1998,2,45.0,1.683,0.537,23.3
TV070,2,T,BCA,4,2000,19,44.9,1.990,0.680,21.7
TV070,2,T,BCA,4,2002,17,40.8,1.820,0.640,25.8
TV070,2,T,BCA,4,2003,19,36.6,1.930,0.660,25.8
TV070,2,T,BCA,4,2004,17,42.1,1.900,0.670,23.8
TV070,2,T,BCA,4,2005,18,45.6,1.740,0.600,24.0
TV070,2,T,BCB,1,1980,16,29.2,2.300,0.832,24.7
TV070,2,T,BCB,1,1981,17,49.2,2.473,0.873,25.3
TV070,2,T,BCB,1,1982,20,50.4,2.403,0.802,21.8
TV070,2,T,BCB,1,1983,20,47.0,2.376,0.793,22.7
TV070,2,T,BCB,1,1984,20,46.8,2.322,0.775,24.3
TV070,2,T,BCB,1,1985,20,42.5,2.205,0.736,21.5
TV070,2,T,BCB,1,1986,20,47.7,2.286,0.763,27.0
TV070,2,T,BCB,1,1987,21,53.0,2.317,0.761,26.7
TV070,2,T,BCB,1,1988,21,51.7,2.255,0.741,25.5
TV070,2,T,BCB,1,1989,21,48.1,2.313,0.760,29.1
TV070,2,T,BCB,1,1990,21,49.6,2.201,0.723,24.1
TV070,2,T,BCB,1,1991,21,50.5,2.246,0.738,24.0
TV070,2,T,BCB,1,1992,22,52.4,2.266,0.733,23.8
TV070,2,T,BCB,1,1994,21,46.7,2.211,0.726,27.3
TV070,2,T,BCB,1,1996,22,48.6,2.255,0.730,26.3
TV070,2,T,BCB,1,1997,21,50.6,2.297,0.755,24.4
TV070,2,T,BCB,1,1998,2,51.4,2.172,0.693,24.2
TV070,2,T,BCB,1,2000,21,50.8,2.020,0.660,21.3
TV070,2,T,BCB,1,2002,22,45.2,2.010,0.710,25.2
TV070,2,T,BCB,1,2003,24,50.4,2.210,0.700,21.8
TV070,2,T,BCB,1,2004,2,28.5,2.130,0.680,25.9
TV070,2,T,BCB,1,2005,21,51.5,2.200,0.720,27.7
TV070,2,T,BCB,2,1980,13,15.5,2.220,0.866,22.4
TV070,2,T,BCB,2,1981,19,29.6,2.331,0.792,18.8
TV070,2,T,BCB,2,1982,2,33.4,2.298,0.733,17.1
TV070,2,T,BCB,2,1983,21,26.1,2.224,0.731,18.2
TV070,2,T,BCB,2,1984,21,25.2,2.186,0.718,16.5
TV070,2,T,BCB,2,1985,19,24.3,2.089,0.710,17.3
TV070,2,T,BCB,2,1986,19,29.8,2.214,0.752,28.9
TV070,2,T,BCB,2,1987,19,31.4,2.266,0.770,26.0
TV070,2,T,BCB,2,1988,19,38.2,2.330,0.791,31.9
TV070,2,T,BCB,2,1989,2,32.5,2.288,0.730,22.0
TV070,2,T,BCB,2,1990,21,32.0,2.279,0.748,24.4
TV070,2,T,BCB,2,1991,21,32.8,2.357,0.774,25.2
TV070,2,T,BCB,2,1992,19,34.3,2.398,0.815,28.0
TV070,2,T,BCB,2,1994,19,28.4,2.229,0.757,26.8
TV070,2,T,BCB,2,1996,21,37.8,2.285,0.751,27.9
TV070,2,T,BCB,2,1997,21,46.4,2.217,0.728,27.8
TV070,2,T,BCB,2,1998,22,38.0,2.336,0.756,25.4
TV070,2,T,BCB,2,2002,21,29.2,2.300,0.760,24.2
TV070,2,T,BCB,2,2003,2,34.3,2.370,0.760,25.6
TV070,2,T,BCB,2,2004,20,36.0,2.290,0.770,23.8
TV070,2,T,BCB,2,2005,19,34.1,2.280,0.770,28.2
TV070,2,T,BCB,3,1980,10,10.7,2.006,0.871,17.2
TV070,2,T,BCB,3,1981,19,18.1,2.207,0.749,11.3
TV070,2,T,BCB,3,1982,20,27.8,2.042,0.682,12.5
TV070,2,T,BCB,3,1983,19,28.1,1.879,0.638,14.4
TV070,2,T,BCB,3,1984,18,26.4,2.057,0.715,14.8
TV070,2,T,BCB,3,1985,19,26.8,1.937,0.658,11.7
TV070,2,T,BCB,3,1986,19,34.3,2.008,0.682,15.7
TV070,2,T,BCB,3,1987,19,36.9,1.777,0.604,17.2
TV070,2,T,BCB,3,1988,20,39.8,1.733,0.578,16.2
TV070,2,T,BCB,3,1989,2,45.3,1.860,0.593,15.8
TV070,2,T,BCB,3,1990,21,47.5,1.727,0.567,16.6
TV070,2,T,BCB,3,1991,20,43.6,1.691,0.564,15.5
TV070,2,T,BCB,3,1992,21,43.2,1.678,0.551,15.2
TV070,2,T,BCB,3,1994,21,42.8,1.462,0.484,16.4
TV070,2,T,BCB,3,1996,25,52.8,1.463,0.445,12.6
TV070,2,T,BCB,3,1997,2,55.7,1.416,0.452,15.3
TV070,2,T,BCB,3,1998,25,51.4,1.149,0.357,12.3
TV070,2,T,BCB,3,1999,25,51.4,1.318,0.409,15.7
TV070,2,T,BCB,3,2002,19,60.5,0.940,0.320,17.1
TV070,2,T,BCB,3,2003,20,64.5,0.830,0.280,15.3
TV070,2,T,BCB,3,2004,16,60.1,1.030,0.370,22.6
TV070,2,T,BCB,3,2005,18,68.1,1.040,0.350,19.8
TV070,2,T,BCB,4,1980,9,25.0,1.448,0.659,28.4
TV070,2,T,BCB,4,1981,19,57.4,1.484,0.504,16.3
TV070,2,T,BCB,4,1982,21,39.7,1.510,0.506,16.0
TV070,2,T,BCB,4,1983,20,43.7,1.458,0.487,19.1
TV070,2,T,BCB,4,1984,20,39.5,1.408,0.470,20.8
TV070,2,T,BCB,4,1985,20,29.3,1.407,0.470,16.9
TV070,2,T,BCB,4,1986,19,46.4,1.405,0.477,21.5
TV070,2,T,BCB,4,1987,19,44.8,1.466,0.498,2.0
TV070,2,T,BCB,4,1988,21,41.4,1.486,0.489,19.3
TV070,2,T,BCB,4,1989,21,41.3,1.467,0.482,17.8
TV070,2,T,BCB,4,1990,22,45.6,1.667,0.539,23.8
TV070,2,T,BCB,4,1991,24,40.8,1.769,0.557,16.5
TV070,2,T,BCB,4,1992,24,45.4,1.649,0.519,15.5
TV070,2,T,BCB,4,1994,24,40.7,1.649,0.519,17.1
TV070,2,T,BCB,4,1996,24,51.2,1.570,0.501,13.0
TV070,2,T,BCB,4,1997,24,53.6,1.538,0.484,16.7
TV070,2,T,BCB,4,1998,25,51.7,1.604,0.498,14.9
TV070,2,T,BCB,4,1999,25,44.4,1.688,0.524,15.7
TV070,2,T,BCB,4,2003,18,38.5,1.610,0.580,19.2
TV070,2,T,BCB,4,2004,21,35.3,1.570,0.510,18.4
TV070,2,T,BCB,4,2005,20,51.5,1.570,0.530,18.5
TV070,2,T,BCB,5,1980,15,26.9,1.718,0.635,20.1
TV070,2,T,BCB,5,1981,21,45.9,1.895,0.622,16.6
TV070,2,T,BCB,5,1982,2,32.7,2.425,0.773,16.6
TV070,2,T,BCB,5,1983,20,33.6,2.312,0.772,20.4
TV070,2,T,BCB,5,1984,2,25.7,2.367,0.755,17.5
TV070,2,T,BCB,5,1985,21,18.1,2.340,0.769,13.8
TV070,2,T,BCB,5,1986,21,34.0,2.167,0.712,19.1
TV070,2,T,BCB,5,1987,21,40.6,2.095,0.688,19.4
TV070,2,T,BCB,5,1988,21,39.7,2.179,0.716,20.1
TV070,2,T,BCB,5,1989,22,36.9,2.260,0.726,18.8
TV070,2,T,BCB,5,1990,21,43.0,2.100,0.690,20.3
TV070,2,T,BCB,5,1991,2,36.4,2.190,0.698,17.2
TV070,2,T,BCB,5,1992,2,36.5,2.078,0.663,18.0
TV070,2,T,BCB,5,1994,2,42.0,2.035,0.649,17.5
TV070,2,T,BCB,5,1996,2,50.4,1.832,0.584,17.1
TV070,2,T,BCB,5,1997,25,47.1,1.933,0.600,16.2
TV070,2,T,BCB,5,1998,26,51.7,1.915,0.588,13.7
TV070,2,T,BCB,5,1999,27,46.0,2.187,0.664,14.5
TV070,2,T,BCB,5,2003,24,35.5,2.220,0.700,16.6
TV070,2,T,BCB,5,2004,27,26.9,2.420,0.730,17.6
TV070,2,T,BCB,5,2005,20,38.4,2.130,0.710,19.9
TV070,2,T,BCB,6,1980,19,16.9,2.237,0.770,13.2
TV070,2,T,BCB,6,1981,21,28.0,2.208,0.725,14.1
TV070,2,T,BCB,6,1982,20,37.8,2.224,0.714,17.9
TV070,2,T,BCB,6,1983,20,30.6,2.055,0.686,17.4
TV070,2,T,BCB,6,1984,21,28.1,2.145,0.704,15.6
TV070,2,T,BCB,6,1985,20,25.8,1.967,0.657,15.2
TV070,2,T,BCB,6,1986,2,29.6,2.319,0.740,19.2
TV070,2,T,BCB,6,1987,2,34.0,2.468,0.787,21.7
TV070,2,T,BCB,6,1988,25,34.4,2.245,0.697,18.7
TV070,2,T,BCB,6,1989,26,50.2,1.772,0.544,18.3
TV070,2,T,BCB,6,1990,27,58.8,1.688,0.512,16.2
TV070,2,T,BCB,6,1991,27,43.6,2.213,0.672,18.5
TV070,2,T,BCB,6,1992,26,47.8,1.941,0.596,17.2
TV070,2,T,BCB,6,1994,25,41.6,2.138,0.664,19.6
TV070,2,T,BCB,6,1996,25,51.1,2.186,0.679,19.1
TV070,2,T,BCB,6,1997,28,49.6,2.008,0.603,17.4
TV070,2,T,BCB,6,1998,27,49.0,2.174,0.660,17.7
TV070,2,T,BCB,6,1999,29,45.2,2.201,0.654,18.0
TV070,2,T,BCB,6,2003,26,41.7,2.090,0.640,19.3
TV070,2,T,BCB,6,2004,24,41.7,2.110,0.660,22.7
TV070,2,T,BCB,6,2005,21,50.8,2.120,0.700,25.1
TV070,2,T,BCB,7,1980,15,6.9,1.721,0.641,9.1
TV070,2,T,BCB,7,1981,19,18.8,1.632,0.544,9.1
TV070,2,T,BCB,7,1982,19,17.2,1.792,0.609,11.1
TV070,2,T,BCB,7,1983,19,21.9,1.507,0.512,11.5
TV070,2,T,BCB,7,1984,17,15.8,1.587,0.560,12.4
TV070,2,T,BCB,7,1985,18,11.8,1.779,0.615,10.2
TV070,2,T,BCB,7,1986,18,13.1,1.915,0.663,15.8
TV070,2,T,BCB,7,1987,20,15.2,1.830,0.611,14.1
TV070,2,T,BCB,7,1988,21,17.2,1.789,0.588,13.4
TV070,2,T,BCB,7,1989,22,18.0,1.809,0.585,14.2
TV070,2,T,BCB,7,1990,21,18.9,1.821,0.606,14.3
TV070,2,T,BCB,7,1991,25,18.1,1.947,0.605,11.5
TV070,2,T,BCB,7,1992,26,22.8,1.964,0.603,12.7
TV070,2,T,BCB,7,1994,2,25.5,1.925,0.614,20.2
TV070,2,T,BCB,7,1996,2,28.5,1.915,0.611,15.3
TV070,2,T,BCB,7,1997,22,29.1,1.833,0.593,17.4
TV070,2,T,BCB,7,1998,21,30.8,1.777,0.584,19.5
TV070,2,T,BCB,7,1999,22,37.5,1.597,0.517,20.7
TV070,2,T,BCC,3,1980,13,19.3,2.219,0.865,22.4
TV070,2,T,BCC,3,1981,16,35.0,2.258,0.814,24.6
TV070,2,T,BCC,3,1982,18,34.5,2.338,0.809,31.0
TV070,2,T,BCC,3,1983,19,33.4,2.346,0.797,25.3
TV070,2,T,BCC,3,1984,19,23.8,2.317,0.787,24.4
TV070,2,T,BCC,3,1985,18,22.9,2.253,0.779,20.2
TV070,2,T,BCC,3,1986,18,27.2,2.281,0.789,29.3
TV070,2,T,BCC,3,1987,19,25.4,2.315,0.786,30.3
TV070,2,T,BCC,3,1988,19,33.1,2.168,0.736,30.1
TV070,2,T,BCC,3,1989,20,36.8,2.093,0.699,27.6
TV070,2,T,BCC,3,1990,19,40.8,1.787,0.607,28.3
TV070,2,T,BCC,3,1991,19,37.2,1.977,0.671,29.4
TV070,2,T,BCC,3,1992,19,28.7,2.189,0.744,28.5
TV070,2,T,BCC,3,1993,19,23.1,2.129,0.723,10.4
TV070,2,T,BCC,3,1994,18,26.2,2.047,0.708,30.2
TV070,2,T,BCC,3,1995,18,35.8,2.163,0.748,31.8
TV070,2,T,BCC,3,1996,18,37.1,1.803,0.624,26.3
TV070,2,T,BCC,3,1997,18,41.9,1.992,0.689,30.5
TV070,2,T,BCC,3,1998,18,38.6,1.825,0.631,30.6
TV070,2,T,BCC,3,1999,18,31.7,2.085,0.721,31.4
TV070,2,T,BCC,3,2002,16,35.7,2.040,0.730,32.6
TV070,2,T,BCC,3,2003,16,31.5,1.970,0.710,31.8
TV070,2,T,BCC,3,2004,16,33.8,2.130,0.770,32.9
TV070,2,T,BCC,3,2005,17,33.7,2.000,0.700,30.1
TV070,2,T,BCD,1,1981,15,9.5,1.892,0.698,10.1
TV070,2,T,BCD,1,1982,15,9.9,1.880,0.691,10.8
TV070,2,T,BCD,1,1983,15,9.5,1.934,0.714,10.6
TV070,2,T,BCD,1,1984,15,9.8,1.911,0.706,11.6
TV070,2,T,BCD,1,1985,15,8.4,1.971,0.728,10.9
TV070,2,T,BCD,1,1986,16,9.1,2.167,0.781,14.6
TV070,2,T,BCD,1,1987,16,10.1,2.117,0.467,13.7
TV070,2,T,BCD,1,1988,16,13.2,2.038,0.735,15.9
TV070,2,T,BCD,1,1989,16,12.5,2.152,0.776,14.7
TV070,2,T,BCD,1,1990,16,16.5,2.064,0.745,17.4
TV070,2,T,BCD,1,1991,17,14.6,2.215,0.782,17.2
TV070,2,T,BCD,1,1992,18,16.1,2.228,0.771,16.2
TV070,2,T,BCD,1,1994,18,19.0,2.178,0.753,19.3
TV070,2,T,BCD,1,1995,18,16.6,2.108,0.729,18.1
TV070,2,T,BCD,1,1996,18,20.2,1.957,0.677,18.0
TV070,2,T,BCD,1,1997,18,16.6,2.037,0.705,16.4
TV070,2,T,BCD,1,1998,18,15.4,2.225,0.761,18.0
TV070,2,T,BCD,1,1999,18,15.7,2.045,0.708,16.2
TV070,2,T,BCD,1,2000,20,19.6,2.090,0.730,12.0
TV070,2,T,BCD,1,2002,18,14.2,2.180,0.760,17.2
TV070,2,T,BCD,1,2003,19,14.8,2.150,0.730,16.7
TV070,2,T,BCD,1,2004,19,13.2,2.140,0.730,18.8
TV070,2,T,BCD,1,2005,17,15.9,2.070,0.730,18.6
TV070,2,T,BCD,2,1981,18,27.0,2.050,0.723,15.2
TV070,2,T,BCD,2,1982,18,23.3,2.184,0.756,18.4
TV070,2,T,BCD,2,1983,17,29.2,2.054,0.726,18.0
TV070,2,T,BCD,2,1984,15,20.2,2.040,0.753,18.7
TV070,2,T,BCD,2,1985,15,17.9,2.034,0.752,20.0
TV070,2,T,BCD,2,1986,15,18.1,2.067,0.763,28.9
TV070,2,T,BCD,2,1987,15,19.9,2.090,0.772,27.5
TV070,2,T,BCD,2,1988,16,20.5,2.199,0.793,25.9
TV070,2,T,BCD,2,1989,18,21.4,2.106,0.729,23.7
TV070,2,T,BCD,2,1990,17,21.8,2.228,0.786,23.9
TV070,2,T,BCD,2,1992,17,19.5,2.241,0.791,23.4
TV070,2,T,BCD,2,1994,15,23.4,2.203,0.814,31.4
TV070,2,T,BCD,2,1995,18,25.1,2.282,0.790,31.8
TV070,2,T,BCD,2,1996,18,24.0,2.329,0.806,29.5
TV070,2,T,BCD,2,1997,17,23.9,2.380,0.840,32.1
TV070,2,T,BCD,2,1998,20,2.0,2.349,0.784,28.5
TV070,2,T,BCD,2,1999,20,31.1,2.135,0.713,24.5
TV070,2,T,BCD,2,2000,19,30.4,2.380,0.810,23.4
TV070,2,T,BCD,2,2002,17,25.5,2.370,0.840,33.0
TV070,2,T,BCD,2,2003,18,27.3,2.370,0.820,29.8
TV070,2,T,BCD,2,2004,19,24.5,2.280,0.780,26.3
TV070,2,T,BCD,2,2005,19,27.9,2.360,0.800,30.2
TV070,2,T,BCD,4,1981,12,25.0,1.631,0.656,16.4
TV070,2,T,BCD,4,1982,13,33.9,1.409,0.549,17.8
TV070,2,T,BCD,4,1983,15,25.4,1.726,0.637,18.2
TV070,2,T,BCD,4,1984,16,23.7,1.802,0.650,14.0
TV070,2,T,BCD,4,1985,15,21.5,1.563,0.577,14.6
TV070,2,T,BCD,4,1986,14,26.0,1.607,0.609,23.6
TV070,2,T,BCD,4,1987,14,28.8,1.869,0.708,27.3
TV070,2,T,BCD,4,1988,17,32.8,1.873,0.331,24.2
TV070,2,T,BCD,4,1989,18,26.9,1.824,0.644,20.8
TV070,2,T,BCD,4,1990,17,31.4,1.926,0.680,22.2
TV070,2,T,BCD,4,1992,18,29.0,1.945,0.673,22.1
TV070,2,T,BCD,4,1994,17,16.4,1.994,0.703,27.8
TV070,2,T,BCD,4,1995,16,36.0,1.881,0.679,28.6
TV070,2,T,BCD,4,1996,16,38.9,1.845,0.666,27.8
TV070,2,T,BCD,4,1997,16,47.4,2.104,0.743,28.2
TV070,2,T,BCD,4,1998,17,39.9,2.102,0.714,30.1
TV070,2,T,BCD,4,1999,18,39.6,1.900,0.657,27.6
TV070,2,T,BCD,4,2002,18,32.3,2.210,0.760,29.8
TV070,2,T,BCD,4,2003,17,34.5,2.180,0.770,30.6
TV070,2,T,BCD,4,2004,18,23.2,2.120,0.730,19.9
TV070,2,T,BCD,4,2005,15,6.6,1.690,0.620,12.2
