Datacode,Rectype,RecYear,RecMonth,RecDay,Watershed,Soiltype,Repsite,RecTime,Wind,AirTemp,Relhum,Cloudcov
CGR02,1,1983,6,14,001d,fl,a,1340,12.1,26.7,,0
CGR02,1,1983,6,14,001d,fl,b,1400,13.7,26.7,,0
CGR02,1,1983,6,15,001d,tu,a,1340,13.7,28.9,,0
CGR02,1,1983,6,15,001d,tu,b,1355,13.7,28.9,,0
CGR02,1,1983,6,15,004b,fl,a,1135,13.7,27.8,,0
CGR02,1,1983,6,15,004b,fl,b,1115,13.7,28.9,,0
CGR02,1,1983,6,9,004b,tu,a,1240,21.2,30,,20
CGR02,1,1983,6,9,004b,tu,b,1300,21.2,28.9,,20
CGR02,1,1983,6,15,000b,fl,a,1320,16.1,28.9,,0
CGR02,1,1983,6,15,000b,fl,b,1307,13.7,28.9,,0
CGR02,1,1983,6,9,000b,tu,a,1350,20,30,,40
CGR02,1,1983,6,9,000b,tu,b,1410,23.2,28.9,,30
CGR02,1,1983,6,14,n01b,fl,a,1415,13.7,26.7,,0
CGR02,1,1983,6,14,n01b,fl,b,1435,14.5,27.8,,0
CGR02,1,1983,6,7,n01b,tu,a,1304,10.9,27.8,,20
CGR02,1,1983,6,7,n01b,tu,b,1247,8.5,27.8,,5
CGR02,1,1983,6,15,n04d,fl,a,1215,13.7,27.8,,0
CGR02,1,1983,6,15,n04d,fl,b,1155,12.9,28.9,,0
CGR02,1,1983,6,9,n04d,tu,a,1055,18.7,27.2,,5
CGR02,1,1983,6,9,n04d,tu,b,1125,16.7,28.9,,0
CGR02,1,1983,6,14,n00b,fl,a,1240,12.1,23.9,,0
CGR02,1,1983,6,14,n00b,fl,b,1315,12.1,23.9,,0
CGR02,1,1983,6,7,n00b,tu,a,1140,10.5,25.6,,0
CGR02,1,1983,6,6,n00b,tu,b,1215,12.9,27.8,,0
CGR02,1,1983,7,12,001d,fl,a,1425,18.3,34.4,,0
CGR02,1,1983,7,12,001d,fl,b,1450,11.6,34.4,,0
CGR02,1,1983,7,19,001d,tu,a,1340,19.3,39.4,,0
CGR02,1,1983,7,19,001d,tu,b,1318,13.5,39.4,,0
CGR02,1,1983,7,13,004b,fl,a,1210,12.6,32.2,,0
CGR02,1,1983,7,13,004b,fl,b,1142,16.3,30,,0
CGR02,1,1983,7,13,004b,tu,a,1300,23.5,32.2,,0
CGR02,1,1983,7,13,004b,tu,b,1325,17.1,32.2,,0
CGR02,1,1983,7,19,000b,fl,a,1200,14.8,34.4,,0
CGR02,1,1983,7,19,000b,fl,b,1130,19,34.4,,0
CGR02,1,1983,7,13,000b,tu,a,1415,13.5,33.3,,0
CGR02,1,1983,7,13,000b,tu,b,1440,16.1,33.3,,0
CGR02,1,1983,7,19,n01b,fl,a,1240,11.6,37.2,,0
CGR02,1,1983,7,19,n01b,fl,b,1215,13.2,36.7,,0
CGR02,1,1983,7,12,n01b,tu,a,1223,5.1,37.8,,0
CGR02,1,1983,7,12,n01b,tu,b,1243,8.7,36.7,,0
CGR02,1,1983,7,19,n04d,fl,a,1110,15.4,33.9,,0
CGR02,1,1983,7,14,n04d,fl,b,1300,23.2,34.4,,50
CGR02,1,1983,7,19,n04d,tu,a,1415,18.7,38.9,,0
CGR02,1,1983,7,19,n04d,tu,b,1430,18.7,38.9,,0
CGR02,1,1983,7,12,n00b,fl,a,1340,6.8,37.8,,0
CGR02,1,1983,7,12,n00b,fl,b,1405,10,34.4,,0
CGR02,1,1983,7,12,n00b,tu,a,1127,4.5,35.6,,0
CGR02,1,1983,7,12,n00b,tu,b,1149,4.5,35,,0
CGR02,1,1983,8,5,001d,fl,a,1130,10.3,35.6,,20
CGR02,1,1983,8,5,001d,fl,b,1000,10.3,31.1,,10
CGR02,1,1983,8,5,001d,tu,a,1045,12.9,36.7,,0
CGR02,1,1983,8,5,001d,tu,b,1025,8.4,36.7,,0
CGR02,1,1983,8,5,004b,fl,a,1315,1,37.8,,0
CGR02,1,1983,8,5,004b,fl,b,1230,5.1,37.2,,0
CGR02,1,1983,8,5,004b,tu,a,1400,1.9,37.8,,0
CGR02,1,1983,8,5,004b,tu,b,1430,1.6,37.8,,0
CGR02,1,1983,8,8,000b,fl,a,1045,6.4,32.2,,0
CGR02,1,1983,8,8,000b,fl,b,1115,6.4,33.3,,0
CGR02,1,1983,8,8,000b,tu,a,1000,0.3,29.4,,0
CGR02,1,1983,8,8,000b,tu,b,1020,3.9,29.4,,0
CGR02,1,1983,8,8,n01b,fl,a,1325,6.1,35.6,,10
CGR02,1,1983,8,8,n01b,fl,b,1355,8,35.6,,10
CGR02,1,1983,8,9,n01b,tu,a,1020,4.5,31.1,,0
CGR02,1,1983,8,9,n01b,tu,b,1000,2.2,31.1,,0
CGR02,1,1983,8,8,n04d,fl,a,1450,10.9,36.7,,10
CGR02,1,1983,8,8,n04d,fl,b,1430,5.5,36.7,,10
CGR02,1,1983,8,9,n04d,tu,a,1315,5.8,37.8,,20
CGR02,1,1983,8,9,n04d,tu,b,1240,8.4,37.8,,20
CGR02,1,1983,8,8,n00b,fl,a,1220,6.1,34.4,,0
CGR02,1,1983,8,8,n00b,fl,b,1250,9.3,34.4,,0
CGR02,1,1983,8,9,n00b,tu,a,1130,3.9,33.9,,20
CGR02,1,1983,8,9,n00b,tu,b,1110,8.7,33.9,,0
CGR02,1,1984,6,13,n01b,tu,a,1230,,,,100
CGR02,1,1984,6,13,n01b,tu,b,1250,,,,75
CGR02,1,1984,6,13,n00b,tu,a,1345,,,,100
CGR02,1,1984,6,14,004b,tu,a,1045,9.3,,,0
CGR02,1,1984,6,14,004b,tu,b,1105,9.3,,,0
CGR02,1,1984,6,14,000b,tu,a,1155,11.5,,,0
CGR02,1,1984,6,14,000b,tu,b,1220,15,,,0
CGR02,1,1984,6,14,n00b,tu,b,1258,11.5,,,30
CGR02,1,1984,6,18,002d,fl,a,1145,7.4,,,10
CGR02,1,1984,6,18,002d,fl,b,1210,10.2,,,50
CGR02,1,1984,6,18,001d,fl,a,1230,6.1,,,25
CGR02,1,1984,6,18,001d,fl,b,1255,5.1,,,50
CGR02,1,1984,6,18,000b,fl,a,1320,10.6,,,20
CGR02,1,1984,6,18,000b,fl,b,1345,6.7,,,40
CGR02,1,1984,6,18,004b,fl,a,1420,9.6,,,70
CGR02,1,1984,6,18,004b,fl,b,1450,7.7,,,30
CGR02,1,1984,6,25,001d,tu,a,1350,16,,,0
CGR02,1,1984,6,25,001d,tu,b,1410,16,,,0
CGR02,1,1984,6,25,n04d,tu,a,1455,17.3,,,0
CGR02,1,1984,6,26,n04d,fl,b,1045,10.6,,,0
CGR02,1,1984,6,26,n04d,fl,a,1110,14.7,,,0
CGR02,1,1984,6,26,n01b,fl,b,1135,7,,,0
CGR02,1,1984,6,26,n01b,fl,a,1150,10.9,,,0
CGR02,1,1984,6,26,n00b,fl,a,1215,14.1,,,0
CGR02,1,1984,6,26,n00b,fl,b,1240,11.8,,,0
CGR02,1,1984,6,26,n04d,tu,b,1315,5.1,,,0
CGR02,1,1984,7,18,004b,fl,b,1000,9,,,0
CGR02,1,1984,7,18,004b,fl,a,1030,8.6,,,0
CGR02,1,1984,7,18,000b,fl,b,1100,9.6,,,0
CGR02,1,1984,7,18,000b,fl,a,1120,10.9,,,0
CGR02,1,1984,7,18,002d,fl,a,1200,10.9,,,0
CGR02,1,1984,7,18,002d,fl,b,1220,13.1,,,0
CGR02,1,1984,7,18,001d,fl,a,1245,11.8,,,0
CGR02,1,1984,7,18,001d,fl,b,1310,8.6,,,0
CGR02,1,1984,7,18,001d,tu,b,1330,8.6,,,0
CGR02,1,1984,7,18,001d,tu,a,1350,12.8,,,0
CGR02,1,1984,7,20,004b,tu,a,1130,16,,,0
CGR02,1,1984,7,20,004b,tu,b,1150,15.7,,,0
CGR02,1,1984,7,20,000b,tu,a,1230,13.1,,,0
CGR02,1,1984,7,20,000b,tu,b,1250,11.8,,,0
CGR02,1,1984,8,3,002d,fl,a,1120,11.2,,,30
CGR02,1,1984,8,3,002d,fl,b,1150,11.2,,,50
CGR02,1,1984,8,3,001d,fl,a,1210,11.2,,,10
CGR02,1,1984,8,3,001d,fl,b,1235,11.8,,,30
CGR02,1,1984,8,3,000b,fl,b,1300,6.7,,,60
CGR02,1,1984,8,3,000b,fl,a,1325,7.7,,,30
CGR02,1,1984,8,3,004f,fl,b,1400,7.7,,,40
CGR02,1,1984,8,3,004f,fl,a,1425,9.3,,,50
CGR02,1,1984,8,5,004b,fl,b,1255,11.5,,,0
CGR02,1,1984,8,5,004b,fl,a,1325,18.9,,,0
CGR02,1,1984,8,5,004d,fl,b,1355,15.4,,,0
CGR02,1,1984,8,5,004d,fl,a,1420,19.2,,,15
CGR02,1,1984,8,6,n01b,tu,b,1000,20.2,,,40
CGR02,1,1984,8,6,n01b,tu,a,1020,13.8,,,50
CGR02,1,1984,8,6,n00b,tu,a,1050,5.8,,,20
CGR02,1,1984,8,6,n00b,tu,b,1115,10.6,,,10
CGR02,1,1984,8,6,n04d,tu,b,1200,10.9,,,5
CGR02,1,1984,8,6,n04d,tu,a,1220,12.5,,,0
CGR02,1,1984,8,12,002d,fl,a,1000,9,,,0
CGR02,1,1984,8,12,002d,fl,b,1020,7.4,,,0
CGR02,1,1984,8,12,001d,fl,a,1040,5.4,,,0
CGR02,1,1984,8,12,001d,fl,b,1105,1.3,,,0
CGR02,1,1984,8,12,004f,fl,a,1125,9.6,,,0
CGR02,1,1984,8,12,004f,fl,b,1150,7,,,0
CGR02,1,1984,8,12,000b,fl,a,1210,1.6,,,5
CGR02,1,1984,8,12,000b,fl,b,1235,6.7,,,20
CGR02,1,1984,8,12,004d,fl,a,1300,9,,,20
CGR02,1,1984,8,12,004d,fl,b,1320,1.6,,,30
CGR02,1,1984,8,12,004b,fl,a,1340,1,,,15
CGR02,1,1984,8,12,004b,fl,b,1410,7,,,30
CGR02,1,1984,8,12,n04d,fl,b,1430,6.1,,,40
CGR02,1,1984,8,12,n04d,fl,a,1450,5.8,,,30
CGR02,1,1984,8,13,004b,tu,a,1010,5.4,,,0
CGR02,1,1984,8,13,004b,tu,b,1030,1.3,,,0
CGR02,1,1984,8,13,000b,tu,a,1115,7.4,,,0
CGR02,1,1984,8,13,000b,tu,b,1130,6.1,,,0
CGR02,1,1984,8,13,n01b,fl,b,1200,10.6,,,0
CGR02,1,1984,8,13,n01b,fl,a,1220,3.8,,,10
CGR02,1,1984,8,13,n00b,fl,b,1245,8.3,,,5
CGR02,1,1984,8,13,n00b,fl,a,1300,18.6,,,15
CGR02,1,1984,8,13,001d,tu,b,1300,5.8,,,5
CGR02,1,1984,8,13,001d,tu,a,1350,13.1,,,0
CGR02,1,1985,6,17,004b,fl,b,1130,8.6,,,30
CGR02,1,1985,6,17,004b,fl,a,1200,11.8,,,20
CGR02,1,1985,6,17,002d,fl,a,1245,14.7,,,10
CGR02,1,1985,6,17,001d,fl,a,1330,7.5,,,5
CGR02,1,1985,6,17,002d,fl,b,1400,6.9,,,1
CGR02,1,1985,6,17,001d,fl,b,1430,6.9,,,15
CGR02,1,1985,6,24,000b,fl,b,1035,16.6,,,0
CGR02,1,1985,6,24,000b,fl,a,1120,17,,,0
CGR02,1,1985,6,24,000b,tu,a,1200,12.3,,,0
CGR02,1,1985,6,24,000b,tu,b,1230,16.3,,,0
CGR02,1,1985,6,24,001d,tu,b,1300,12,,,0
CGR02,1,1985,6,24,001d,tu,a,1330,16.6,,,0
CGR02,1,1985,8,5,001d,fl,a,1330,,,,0
CGR02,1,1985,8,5,002d,fl,b,1420,,,,0
CGR02,1,1985,8,5,002d,fl,a,1400,,,,0
CGR02,1,1985,8,5,001d,fl,b,1440,,,,0
CGR02,1,1985,8,6,010d,fl,b,1000,,,,40
CGR02,1,1985,8,6,000b,fl,a,1020,12,,,40
CGR02,1,1985,8,6,000b,fl,b,1040,12,,,30
CGR02,1,1985,8,6,004d,fl,a,1105,10.1,,,20
CGR02,1,1985,8,6,004d,fl,b,1125,12,,,30
CGR02,1,1985,8,6,004b,fl,a,1150,12,,,30
CGR02,1,1985,8,6,004b,fl,b,1210,,,,50
CGR02,1,1985,8,6,004f,fl,b,1300,17.6,,,40
CGR02,1,1985,8,6,004f,fl,a,1325,20,,,30
CGR02,1,1985,8,6,010d,fl,a,1350,20,,,30
CGR02,1,1985,8,6,004b,tu,a,1420,12.6,,,30
CGR02,1,1985,8,6,004b,tu,b,1440,12.6,,,30
CGR02,1,1985,8,7,n04d,fl,b,1150,,,,0
CGR02,1,1985,8,7,n04d,fl,a,1210,,,,0
CGR02,1,1985,8,7,000b,tu,a,1230,,,,0
CGR02,1,1985,8,7,000b,tu,b,1250,,,,0
CGR02,1,1985,8,7,001d,tu,a,1320,,,,0
CGR02,1,1985,8,7,001d,tu,b,1340,,,,0
CGR02,1,1985,8,9,002d,fl,a,1030,20,,,0
CGR02,1,1985,8,9,002d,fl,b,1050,20,,,0
CGR02,1,1985,8,11,004b,fl,b,1000,17.3,,,0
CGR02,1,1985,8,11,004b,fl,a,1025,17.3,,,20
CGR02,1,1985,8,11,004d,fl,b,1100,16,,,50
CGR02,1,1985,8,11,004d,fl,a,1130,16,,,10
CGR02,1,1985,8,11,000b,fl,b,1145,16,,,10
CGR02,1,1985,8,11,000b,fl,a,1200,12,,,20
CGR02,1,1985,8,11,004f,fl,b,1230,12,,,5
CGR02,1,1985,8,11,004f,fl,a,1300,12,,,5
CGR02,1,1985,8,11,010d,fl,b,1330,12,,,5
CGR02,1,1985,8,11,010d,fl,a,1400,12,,,5
CGR02,1,1985,8,11,001d,fl,b,1415,20,,,0
CGR02,1,1985,8,11,001d,fl,a,1430,20,,,0
CGR02,1,1986,6,4,001d,fl,a,1135,10.9,27.5,,50
CGR02,1,1986,6,4,001d,fl,b,1155,10.9,27.5,,50
CGR02,1,1986,6,4,010d,fl,a,1230,,27.5,,20
CGR02,1,1986,6,4,010d,fl,b,1250,,27.5,,20
CGR02,1,1986,6,4,000b,fl,a,1320,,29.5,,10
CGR02,1,1986,6,4,000b,fl,b,1340,,29.5,,10
CGR02,1,1986,6,4,004d,fl,a,1410,,27.5,,30
CGR02,1,1986,6,4,004d,fl,b,1430,,27.5,,30
CGR02,1,1986,6,12,001d,fl,a,1030,,22.5,,0
CGR02,1,1986,6,12,001d,fl,b,1050,,22.5,,0
CGR02,1,1986,6,12,010d,fl,a,1150,,22.5,,0
CGR02,1,1986,6,12,010d,fl,b,1210,,22.5,,0
CGR02,1,1986,6,12,000b,fl,a,1240,,27,,0
CGR02,1,1986,6,12,000b,fl,b,1300,,27,,0
CGR02,1,1986,6,12,004d,fl,a,1325,,28,,0
CGR02,1,1986,6,12,004d,fl,b,1345,,28,,0
CGR02,1,1986,6,19,001d,fl,a,1015,15,27,,5
CGR02,1,1986,6,19,001d,fl,b,1035,15,27,,5
CGR02,1,1986,6,19,010d,fl,a,1100,16.3,29,,20
CGR02,1,1986,6,19,010d,fl,b,1120,16.3,29,,20
CGR02,1,1986,6,19,000b,fl,a,1145,17.9,29,,50
CGR02,1,1986,6,19,000b,fl,b,1205,17.9,29,,50
CGR02,1,1986,6,19,004d,fl,a,1240,16.3,30,,40
CGR02,1,1986,6,19,004d,fl,b,1300,16.3,30,,40
CGR02,1,1986,6,25,001d,fl,a,1140,14.7,31,,20
CGR02,1,1986,6,25,001d,fl,b,1200,14.7,31,,20
CGR02,1,1986,6,25,010d,fl,a,1230,12.3,31,,20
CGR02,1,1986,6,25,010d,fl,b,1250,12.3,31,,20
CGR02,1,1986,6,25,000b,fl,a,1330,10.9,31,,20
CGR02,1,1986,6,25,000b,fl,b,1350,10.9,31,,20
CGR02,1,1986,6,25,004d,fl,a,1410,16.6,32,,20
CGR02,1,1986,6,25,004d,fl,b,1430,16.6,32,,20
CGR02,1,1986,7,3,001d,fl,a,1250,16.3,30,,0
CGR02,1,1986,7,3,001d,fl,b,1230,16.3,30,,0
CGR02,1,1986,7,3,010d,fl,a,1205,14.4,30,,0
CGR02,1,1986,7,3,010d,fl,b,1145,14.4,30,,0
CGR02,1,1986,7,3,000b,fl,a,1120,18.6,29,,0
CGR02,1,1986,7,3,000b,fl,b,1100,18.6,29,,0
CGR02,1,1986,7,3,004d,fl,a,1030,16.3,26.5,,0
CGR02,1,1986,7,3,004d,fl,b,1010,16.3,26.5,,0
CGR02,1,1986,7,11,001d,fl,a,1330,,0,,0
CGR02,1,1986,7,11,001d,fl,b,1350,,0,,0
CGR02,1,1986,7,11,010d,fl,a,1410,,0,,0
CGR02,1,1986,7,11,010d,fl,b,1430,,0,,0
CGR02,1,1986,7,11,000b,fl,a,1450,,0,,0
CGR02,1,1986,7,11,000b,fl,b,1510,,0,,0
CGR02,1,1986,7,11,004d,fl,a,1530,,0,,0
CGR02,1,1986,7,11,004d,fl,b,1550,,0,,0
CGR02,1,1986,7,17,004d,fl,b,1200,18.9,32,,0
CGR02,1,1986,7,17,004d,fl,a,1220,18.9,32,,0
CGR02,1,1986,7,17,000b,fl,b,1250,17,32,,0
CGR02,1,1986,7,17,000b,fl,a,1310,17,32,,0
CGR02,1,1986,7,17,010d,fl,b,1330,17.3,32,,0
CGR02,1,1986,7,17,010d,fl,a,1350,17.3,32,,0
CGR02,1,1986,7,17,001d,fl,b,1410,13.8,32,,0
CGR02,1,1986,7,17,001d,fl,a,1430,13.8,32,,0
CGR02,1,1986,7,25,001d,fl,a,1040,,26.5,,0
CGR02,1,1986,7,25,001d,fl,b,1055,,26.5,,0
CGR02,1,1986,7,25,010d,fl,a,1110,,26.5,,0
CGR02,1,1986,7,25,010d,fl,b,1130,,26.5,,0
CGR02,1,1986,7,25,000b,fl,a,1200,,28,,0
CGR02,1,1986,7,25,000b,fl,b,1220,,28,,0
CGR02,1,1986,7,25,004d,fl,a,1240,,30,,0
CGR02,1,1986,7,25,004d,fl,b,1255,,30,,0
CGR02,1,1986,7,25,004b,fl,a,1310,,30,,0
CGR02,1,1986,7,25,004b,fl,b,1330,,30,,0
CGR02,1,1986,7,25,002d,fl,a,1410,9.6,32,,0
CGR02,1,1986,7,25,002d,fl,b,1430,9.6,32,,0
CGR02,1,1986,7,28,001d,tu,b,1215,9.1,39,,0
CGR02,1,1986,7,28,001d,tu,a,1235,9.1,39,,0
CGR02,1,1986,7,28,004g,fl,a,1300,17.9,37,,0
CGR02,1,1986,7,28,004g,fl,b,1320,17.9,37,,0
CGR02,1,1986,7,28,004f,fl,a,1400,9.8,35,,20
CGR02,1,1986,7,28,004f,fl,b,1420,9.8,35,,20
CGR02,1,1986,7,29,004b,tu,a,1230,9.9,38,,0
CGR02,1,1986,7,29,004b,tu,b,1250,9.9,38,,0
CGR02,1,1986,7,29,000b,tu,a,1330,,39.5,,0
CGR02,1,1986,7,29,000b,tu,b,1350,,39.5,,0
CGR02,1,1986,7,29,002d,fl,b,1410,10.4,35,,0
CGR02,1,1986,7,29,002d,fl,a,1430,10.4,35,,0
CGR02,1,1986,8,1,001d,fl,a,1000,,0,,30
CGR02,1,1986,8,1,001d,fl,b,1020,,0,,30
CGR02,1,1986,8,1,010d,fl,a,1040,,0,,30
CGR02,1,1986,8,1,010d,fl,b,1100,,0,,30
CGR02,1,1986,8,1,000b,fl,a,1120,,0,,30
CGR02,1,1986,8,1,000b,fl,b,1135,,0,,30
CGR02,1,1986,8,6,004b,fl,b,1200,,28.5,,30
CGR02,1,1986,8,6,004b,fl,a,1220,,28.5,,30
CGR02,1,1986,8,6,004f,fl,b,1300,,29,,30
CGR02,1,1986,8,6,004f,fl,a,1320,,29,,30
CGR02,1,1986,8,6,004g,fl,a,1350,,30,,20
CGR02,1,1986,8,6,004g,fl,b,1410,,30,,20
CGR02,1,1986,8,6,004d,fl,a,1430,,30,,10
CGR02,1,1986,8,6,004d,fl,b,1450,,30,,10
CGR02,1,1986,8,11,001d,fl,a,1000,8.6,24.5,,5
CGR02,1,1986,8,11,001d,fl,b,1020,8.6,24.5,,5
CGR02,1,1986,8,11,010d,fl,a,1050,9.3,25,,15
CGR02,1,1986,8,11,010d,fl,b,1110,9.3,25,,15
CGR02,1,1986,8,11,000b,fl,a,1140,14.6,25,,30
CGR02,1,1986,8,11,000b,fl,b,1200,14.6,25,,30
CGR02,1,1986,8,11,004d,fl,a,1215,16,25.5,,30
CGR02,1,1986,8,11,004d,fl,b,1235,16,25.5,,30
CGR02,1,1986,8,18,001d,fl,a,1000,15.7,29,,50
CGR02,1,1986,8,18,001d,fl,b,1020,15.7,29,,50
CGR02,1,1986,8,18,010d,fl,a,1130,13.1,28.5,,100
CGR02,1,1986,8,18,010d,fl,b,1150,13.1,28.5,,100
CGR02,1,1986,8,20,000b,fl,a,1045,16.6,29,,0
CGR02,1,1986,8,20,000b,fl,b,1105,16.6,29,,0
CGR02,1,1986,8,20,004d,fl,a,1130,,29,,0
CGR02,1,1986,8,20,004d,fl,b,1150,,29,,0
CGR02,1,1986,9,1,010d,fl,a,1250,,28,,30
CGR02,1,1986,9,1,010d,fl,b,1310,,28,,30
CGR02,1,1986,9,1,000b,fl,a,1335,,28,,20
CGR02,1,1986,9,1,000b,fl,b,1355,,28,,20
CGR02,1,1987,6,3,001d,fl,a,1010,14.4,21,,10
CGR02,1,1987,6,3,001d,fl,b,1045,14.4,22,,20
CGR02,1,1987,6,3,004f,fl,a,1115,17,23,,10
CGR02,1,1987,6,3,004f,fl,b,1140,16.6,24,,40
CGR02,1,1987,6,3,002c,fl,a,1210,16.3,24,,60
CGR02,1,1987,6,3,002c,fl,b,1230,17,25,,10
CGR02,1,1987,6,3,004b,fl,a,1300,17.9,24,,30
CGR02,1,1987,6,3,004b,fl,b,1335,9.8,25,,20
CGR02,1,1987,6,8,004b,fl,b,1020,18.9,29,,0
CGR02,1,1987,6,8,004b,fl,a,1100,16,29,,0
CGR02,1,1987,6,8,002c,fl,b,1130,17.6,30,,30
CGR02,1,1987,6,8,002c,fl,a,1155,15,29.5,,5
CGR02,1,1987,6,8,004f,fl,b,1230,16.6,31,,0
CGR02,1,1987,6,8,004f,fl,a,1300,15,33,,10
CGR02,1,1987,6,8,001d,fl,b,1330,17.3,31.5,,20
CGR02,1,1987,6,8,001d,fl,a,1410,14.7,32,,60
CGR02,1,1987,6,15,001d,fl,a,1110,,34,,0
CGR02,1,1987,6,15,001d,fl,b,1140,,34,,0
CGR02,1,1987,6,15,004f,fl,b,1200,,34,,10
CGR02,1,1987,6,15,004f,fl,a,1225,,37,,10
CGR02,1,1987,6,15,002c,fl,a,1300,,39.5,,5
CGR02,1,1987,6,15,002c,fl,b,1325,,40,,25
CGR02,1,1987,6,15,004b,fl,a,1400,,38,,30
CGR02,1,1987,6,15,004b,fl,b,1425,,38,,20
CGR02,1,1987,6,19,004b,fl,b,1140,,34.5,,50
CGR02,1,1987,6,19,004b,fl,a,1200,,29.5,,40
CGR02,1,1987,6,19,002c,fl,b,1230,,29.5,,50
CGR02,1,1987,6,19,002c,fl,a,1250,,33,,90
CGR02,1,1987,6,19,004f,fl,b,1320,,41,,75
CGR02,1,1987,6,19,004f,fl,a,1335,,39.5,,40
CGR02,1,1987,6,19,001d,fl,b,1400,,39.5,,40
CGR02,1,1987,6,19,001d,fl,a,1420,,42,,20
CGR02,1,1987,7,1,001d,fl,a,1100,,23.5,,25
CGR02,1,1987,7,1,001d,fl,b,1135,,26,,20
CGR02,1,1987,7,1,004f,fl,a,1150,,28,,30
CGR02,1,1987,7,1,004f,fl,b,1215,,27.5,,25
CGR02,1,1987,7,1,002c,fl,b,1240,,29,,25
CGR02,1,1987,7,1,002c,fl,a,1300,,28,,35
CGR02,1,1987,7,1,004b,fl,a,1325,,29,,40
CGR02,1,1987,7,1,004b,fl,b,1350,,31,,20
CGR02,1,1987,7,6,004b,fl,b,1100,15,30,,0
CGR02,1,1987,7,6,004b,fl,a,1125,13.4,31.5,,0
CGR02,1,1987,7,6,002c,fl,b,1150,10.4,32,,0
CGR02,1,1987,7,6,002c,fl,a,1210,9.3,32,,5
CGR02,1,1987,7,6,004f,fl,b,1240,6.6,32,,10
CGR02,1,1987,7,6,004f,fl,a,1255,11.8,33,,0
CGR02,1,1987,7,6,001d,fl,b,1315,12.2,33,,15
CGR02,1,1987,7,6,001d,fl,a,1340,16.6,34,,75
CGR02,1,1987,7,13,001d,fl,a,1245,13.4,27,,25
CGR02,1,1987,7,13,001d,fl,b,1300,16,22,,25
CGR02,1,1987,7,13,004f,fl,a,1320,11.2,25,,25
CGR02,1,1987,7,13,004f,fl,b,1345,10.6,23,,75
CGR02,1,1987,7,13,002c,fl,a,1405,15.7,26,,50
CGR02,1,1987,7,13,002c,fl,b,1420,13.1,26,,60
CGR02,1,1987,7,14,004b,fl,a,1040,10.1,24,,0
CGR02,1,1987,7,14,004b,fl,b,1100,8.3,25,,5
CGR02,1,1987,7,20,004b,fl,b,1040,17.3,31,,0
CGR02,1,1987,7,20,004b,fl,a,1100,10.9,32,,0
CGR02,1,1987,7,20,002c,fl,b,1130,16.3,34,,0
CGR02,1,1987,7,20,002c,fl,a,1145,16,33,,0
CGR02,1,1987,7,20,004f,fl,b,1220,17.3,34,,0
CGR02,1,1987,7,20,004f,fl,a,1235,15.4,34,,0
CGR02,1,1987,7,20,001d,fl,b,1300,17,34,,0
CGR02,1,1987,7,20,001d,fl,a,1315,21.8,34,,0
CGR02,1,1987,7,28,001d,fl,a,1025,12.8,33,,0
CGR02,1,1987,7,28,001d,fl,b,1050,8,34,,0
CGR02,1,1987,7,28,004f,fl,a,1115,9.9,35.5,,0
CGR02,1,1987,7,28,004f,fl,b,1135,12.2,36,,0
CGR02,1,1987,7,28,002c,fl,a,1220,6.9,37,,0
CGR02,1,1987,7,28,002c,fl,b,1240,13.8,37.5,,0
CGR02,1,1987,7,28,004b,fl,a,1300,14.7,40,,0
CGR02,1,1987,7,28,004b,fl,b,1330,10.2,39,,0
CGR02,1,1987,7,29,002d,fl,a,1050,10.9,34,,0
CGR02,1,1987,7,29,002d,fl,b,1115,8.6,35.5,,0
CGR02,1,1987,7,29,001d,tu,a,1215,7.7,38,,20
CGR02,1,1987,7,29,001d,tu,b,1155,7,41,,10
CGR02,1,1987,7,29,004g,fl,a,1300,11.5,38,,20
CGR02,1,1987,7,29,004g,fl,b,1320,9,41.5,,20
CGR02,1,1987,7,29,010d,fl,a,1340,,39,,25
CGR02,1,1987,7,29,010d,fl,b,1405,12.8,39,,25
CGR02,1,1987,7,30,004d,fl,b,1025,15.7,35,,0
CGR02,1,1987,7,30,004d,fl,a,1050,13.8,36,,5
CGR02,1,1987,7,30,000b,fl,b,1115,11.8,37,,5
CGR02,1,1987,7,30,000b,fl,a,1140,11,36.5,,0
CGR02,1,1987,7,30,000b,tu,a,1215,6.9,40,,0
CGR02,1,1987,7,30,000b,tu,b,1235,6.9,40,,0
CGR02,1,1987,7,30,004b,tu,a,1350,13.3,40,,5
CGR02,1,1987,7,30,004b,tu,b,1415,13,40,,5
CGR02,1,1987,7,31,010d,fl,b,1045,17.9,35.5,,0
CGR02,1,1987,7,31,010d,fl,a,1110,15.4,36,,0
CGR02,1,1987,7,31,004g,fl,b,1125,16.6,37.5,,0
CGR02,1,1987,7,31,004g,fl,a,1150,18.9,38,,0
CGR02,1,1987,7,31,001d,tu,a,1240,18.2,42,,0
CGR02,1,1987,7,31,001d,tu,b,1300,16.3,42,,0
CGR02,1,1987,7,31,002d,fl,b,1330,16.6,40,,0
CGR02,1,1987,7,31,002d,fl,a,1350,21.1,39.5,,0
CGR02,1,1987,8,3,004b,fl,b,940,16,35,,50
CGR02,1,1987,8,3,004b,fl,a,1000,15.7,34,,50
CGR02,1,1987,8,3,002c,fl,b,1030,15.4,32,,75
CGR02,1,1987,8,3,002c,fl,a,1050,15,36,,25
CGR02,1,1987,8,3,004f,fl,b,1105,15.4,36,,25
CGR02,1,1987,8,3,004f,fl,a,1125,19.8,38,,15
CGR02,1,1987,8,3,001d,fl,b,1155,19.2,39,,10
CGR02,1,1987,8,3,001d,fl,a,1215,19.5,39,,10
CGR02,1,1987,8,5,004b,tu,a,1020,7.8,30,,0
CGR02,1,1987,8,5,004b,tu,b,1040,8.3,32,,0
CGR02,1,1987,8,5,004d,fl,b,1110,,29,,0
CGR02,1,1987,8,5,004d,fl,a,1140,,29.5,,0
CGR02,1,1987,8,5,000b,tu,a,1220,,34,,0
CGR02,1,1987,8,5,000b,tu,b,1240,,34,,0
CGR02,1,1987,8,5,000b,fl,b,1310,13.8,31,,0
CGR02,1,1987,8,5,000b,fl,a,1330,13.8,31,,0
CGR02,1,1987,8,10,001d,fl,a,1000,8,26.5,,25
CGR02,1,1987,8,10,001d,fl,b,1020,8,28,,25
CGR02,1,1987,8,10,004f,fl,a,1040,,28,,10
CGR02,1,1987,8,10,004f,fl,b,1100,,29.5,,10
CGR02,1,1987,8,10,002c,fl,a,1125,,29.5,,10
CGR02,1,1987,8,10,002c,fl,b,1145,,31,,20
CGR02,1,1987,8,10,004b,fl,a,1220,,29,,5
CGR02,1,1987,8,10,004b,fl,b,1240,,30,,5
CGR02,1,1987,8,19,004b,fl,b,1000,19.5,26,,60
CGR02,1,1987,8,19,004b,fl,a,1020,19.8,25,,40
CGR02,1,1987,8,19,002c,fl,b,1045,20.8,27,,5
CGR02,1,1987,8,19,002c,fl,a,1105,21.8,26,,5
CGR02,1,1987,8,19,004f,fl,b,1145,16.3,30,,5
CGR02,1,1987,8,19,004f,fl,a,1205,17.6,29.5,,20
CGR02,1,1987,8,19,001d,fl,b,1225,14.4,36,,60
CGR02,1,1987,8,19,001d,fl,a,1250,17,40,,40
CGR02,1,1988,8,3,001d,fl,a,1210,17.7,,,0
CGR02,1,1988,8,8,001d,fl,a,958,19,32,,15
CGR02,1,1988,8,3,001d,fl,b,1230,19.3,35,,20
CGR02,1,1988,8,8,001d,fl,b,1020,18.3,33,,15
CGR02,1,1988,8,5,002c,fl,a,1144,0,27,,10
CGR02,1,1988,8,8,002c,fl,a,1215,13.8,35.5,,20
CGR02,1,1988,8,5,002c,fl,b,1200,1.6,28.5,,0
CGR02,1,1988,8,8,002c,fl,b,1233,11.9,,,25
CGR02,1,1988,8,3,002d,fl,a,1020,19,37.5,,0
CGR02,1,1988,8,5,002d,fl,a,1414,11.9,32,,0
CGR02,1,1988,8,3,002d,fl,b,1140,16.7,34,,0
CGR02,1,1988,8,5,002d,fl,b,1434,0,32,,0
CGR02,1,1988,8,5,004b,fl,a,1322,11.3,,,10
CGR02,1,1988,8,10,004b,fl,a,1031,1.6,29,,40
CGR02,1,1988,8,5,004b,fl,b,1342,4.8,31.5,,0
CGR02,1,1988,8,10,004b,fl,b,1049,1.6,,,40
CGR02,1,1988,8,5,004d,fl,a,1221,0,28,,0
CGR02,1,1988,8,8,004d,fl,a,1252,11.6,,,50
CGR02,1,1988,8,5,004d,fl,b,1302,1.6,,,15
CGR02,1,1988,8,10,004d,fl,b,1009,3.9,29,,40
CGR02,1,1988,8,3,004f,fl,a,1248,21.9,38,,20
CGR02,1,1988,8,8,004f,fl,a,1038,18,36,,25
CGR02,1,1988,8,5,004f,fl,b,1030,13.2,26,,10
CGR02,1,1988,8,8,004f,fl,b,1057,16.7,34.5,,50
CGR02,1,1988,8,5,020b,fl,a,1106,8.4,27,,0
CGR02,1,1988,8,8,020b,fl,a,1117,10.3,35,,40
CGR02,1,1988,8,5,020b,fl,b,1125,11.3,27,,0
CGR02,1,1988,8,8,020b,fl,b,1138,11.6,,,40
CGR02,1,1990,8,9,001d,fl,a,1137,14.2,29.4,,0
CGR02,1,1990,8,20,001d,fl,a,1414,6,27.8,,15
CGR02,1,1990,8,9,001d,fl,b,1108,15.8,28.9,,0
CGR02,1,1990,8,20,001d,fl,b,1351,6.4,27.8,,15
CGR02,1,1990,8,7,002c,fl,a,1146,4,24.4,,10
CGR02,1,1990,8,10,002c,fl,a,1131,11.9,28.9,,25
CGR02,1,1990,8,7,002c,fl,b,1123,4,23.3,,10
CGR02,1,1990,8,10,002c,fl,b,1110,12.2,28.9,,50
CGR02,1,1990,8,9,002d,fl,a,1211,12.9,29.4,,0
CGR02,1,1990,8,20,002d,fl,a,1455,6.3,27.8,,5
CGR02,1,1990,8,9,002d,fl,b,1153,8.9,30.6,,0
CGR02,1,1990,8,20,002d,fl,b,1436,5.6,27.8,,10
CGR02,1,1990,8,7,004b,fl,a,1020,9.3,22.2,,10
CGR02,1,1990,8,10,004b,fl,a,1019,4,29.4,,15
CGR02,1,1990,8,7,004b,fl,b,1000,7.9,22.2,,10
CGR02,1,1990,8,10,004b,fl,b,1000,4,29.4,,10
CGR02,1,1990,8,7,004d,fl,a,1059,5.1,23.3,,10
CGR02,1,1990,8,10,004d,fl,a,1057,4,28.9,,50
CGR02,1,1990,8,7,004d,fl,b,1041,4.8,22.2,,10
CGR02,1,1990,8,10,004d,fl,b,1036,4,28.9,,40
CGR02,1,1990,8,9,004f,fl,a,1024,13.2,27.8,,5
CGR02,1,1990,8,20,004f,fl,a,1300,8,27.8,,25
CGR02,1,1990,8,9,004f,fl,b,1005,10.9,27.2,,5
CGR02,1,1990,8,20,004f,fl,b,1235,9.5,27.8,,30
CGR02,1,1990,8,7,020b,fl,a,1230,4,23.3,,10
CGR02,1,1990,8,10,020b,fl,a,1205,10.5,28.9,,20
CGR02,1,1990,8,7,020b,fl,b,1215,7.7,23.9,,10
CGR02,1,1990,8,10,020b,fl,b,1149,9.3,29.4,,10
CGR02,1,1990,8,9,010d,fl,a,1053,13.2,28.9,,5
CGR02,1,1990,8,20,010d,fl,a,1336,10.3,27.8,,20
CGR02,1,1990,8,9,010d,fl,b,1037,12.9,28.3,,5
CGR02,1,1990,8,20,010d,fl,b,1315,5.1,27.8,,25
CGR02,1,1991,8,2,001D,fl,A,1022,21.2,33.3,,0
CGR02,1,1991,8,2,001D,fl,B,1157,20,35.6,,0
CGR02,1,1991,8,2,002D,fl,A,1130,23.8,35,,0
CGR02,1,1991,8,2,002D,fl,B,1103,22.2,34.4,,0
CGR02,1,1991,8,5,002C,fl,A,1053,10.1,28.3,,15
CGR02,1,1991,8,5,002C,fl,B,1115,4,29.4,,10
CGR02,1,1991,8,5,004B,fl,A,1230,4.8,30,,30
CGR02,1,1991,8,5,004B,fl,B,1256,4,28.9,,40
CGR02,1,1991,8,5,004D,fl,A,1141,8.4,30,,15
CGR02,1,1991,8,5,004D,fl,B,1206,7.1,30,,20
CGR02,1,1991,8,2,004F,fl,A,1302,20.6,37.8,,0
CGR02,1,1991,8,2,004F,fl,B,1327,20.6,38.9,,0
CGR02,1,1991,8,2,010D,fl,A,1218,20.9,36.7,,0
CGR02,1,1991,8,2,010D,fl,B,1245,20.9,36.7,,0
CGR02,1,1991,8,5,020B,fl,A,955,12.2,26.7,,30
CGR02,1,1991,8,5,020B,fl,B,1028,15.1,26.7,,10
CGR02,1,1991,8,6,001D,fl,A,1008,13.5,28.9,,25
CGR02,1,1991,8,6,001D,fl,B,1033,11.9,29.4,,25
CGR02,1,1991,8,5,002D,fl,B,1427,6,27.8,,50
CGR02,1,1991,8,5,002D,fl,A,1454,7.1,27.8,,40
CGR02,1,1991,8,6,002C,fl,A,1414,16.7,35.6,,20
CGR02,1,1991,8,6,002C,fl,B,1436,14.2,35,,20
CGR02,1,1991,8,7,004B,fl,A,1016,12.2,31.7,,0
CGR02,1,1991,8,7,004B,fl,B,1045,13.2,32.2,,0
CGR02,1,1991,8,7,004D,fl,A,940,13.8,30,,0
CGR02,1,1991,8,7,004D,fl,B,1000,12.2,31.1,,0
CGR02,1,1991,8,6,004F,fl,A,1255,12.9,34.4,,25
CGR02,1,1991,8,6,004F,fl,B,1314,13.5,34.4,,25
CGR02,1,1991,8,6,010D,fl,A,1056,13.8,30,,25
CGR02,1,1991,8,6,010D,fl,B,1237,11.9,35,,25
CGR02,1,1991,8,6,020B,fl,A,1330,8.5,35,,25
CGR02,1,1991,8,6,020B,fl,B,1346,9.7,34.4,,20
CGR02,1,1992,7,28,002C,fl,B,1140,7.4,30,,0
CGR02,1,1992,7,28,002C,fl,A,1200,8.2,30.6,,0
CGR02,1,1992,7,28,004D,fl,A,1216,10.3,29.4,,0
CGR02,1,1992,7,28,004D,fl,B,1245,12.9,30,,0
CGR02,1,1992,7,28,004B,fl,A,1325,7.4,31.1,,0
CGR02,1,1992,7,28,004B,fl,B,1350,6,30.6,,0
CGR02,1,1992,7,29,020B,fl,B,1200,11.3,31.1,,30
CGR02,1,1992,7,29,020B,fl,A,1218,14.2,30,,30
CGR02,1,1992,7,29,004F,fl,B,1238,14.5,31.1,,30
CGR02,1,1992,7,29,004F,fl,A,1253,15.4,30.6,,30
CGR02,1,1992,7,29,010D,fl,B,1323,16.1,31.1,,30
CGR02,1,1992,7,29,010D,fl,A,1354,15.4,31.7,,30
CGR02,1,1992,7,29,001D,fl,B,1423,19.3,31.7,,25
CGR02,1,1992,7,29,001D,fl,A,1455,17.1,32.8,,25
CGR02,1,1992,7,29,002D,fl,B,1529,14.5,31.1,,30
CGR02,1,1992,7,29,002D,fl,A,1545,10,30.6,,30
CGR02,1,1992,8,4,002D,fl,A,1200,12.6,23.9,,50
CGR02,1,1992,8,5,002D,fl,B,1515,4,28.9,,40
CGR02,1,1992,8,5,001D,fl,A,1500,4,28.9,,40
CGR02,1,1992,8,5,001D,fl,B,1442,4,28.9,,40
CGR02,1,1992,8,4,002C,fl,B,1257,10.9,25,,50
CGR02,1,1992,8,4,002C,fl,A,1345,12.6,26.7,,50
CGR02,1,1992,8,4,004D,fl,A,1412,12.6,24.4,,50
CGR02,1,1992,8,4,004D,fl,B,1433,14.2,25.6,,40
CGR02,1,1992,8,5,004B,fl,A,1047,4,26.7,,50
CGR02,1,1992,8,5,004B,fl,B,1123,4.8,27.8,,30
CGR02,1,1992,8,5,020B,fl,B,1210,6,28.9,,30
CGR02,1,1992,8,5,020B,fl,A,1231,6.3,29.4,,30
CGR02,1,1992,8,5,004F,fl,B,1337,6,28.9,,40
CGR02,1,1992,8,5,004F,fl,A,1355,6,30,,40
CGR02,1,1992,8,5,010D,fl,B,1410,4,27.2,,40
CGR02,1,1992,8,5,010D,fl,A,1425,4,28.9,,40
CGR02,1,1993,7,27,004B,fl,B,1015,9.7,32.2,,5
CGR02,1,1993,7,27,004B,fl,A,1055,9.3,32.2,,5
CGR02,1,1993,7,27,004D,fl,A,1140,13.2,32.2,,5
CGR02,1,1993,7,27,004D,fl,B,1120,10,32.2,,5
CGR02,1,1993,7,27,002C,fl,A,1230,14.8,32.2,,5
CGR02,1,1993,7,27,002C,fl,B,1208,18.3,32.2,,5
CGR02,1,1993,7,27,020B,fl,A,1310,15.4,,,5
CGR02,1,1993,7,27,020B,fl,B,1252,17.7,32.2,,5
CGR02,1,1993,7,27,004F,fl,A,1350,13.5,31.7,,5
CGR02,1,1993,7,27,004F,fl,B,1330,15.1,32.2,,5
CGR02,1,1993,7,27,010D,fl,A,1445,15.4,32.2,,5
CGR02,1,1993,7,27,010D,fl,B,1425,10.3,31.7,,5
CGR02,1,1993,7,27,001D,fl,A,1520,15.8,32.2,,5
CGR02,1,1993,7,27,001D,fl,B,1502,13.8,32.2,,5
CGR02,1,1993,7,27,002D,fl,A,1600,12.6,32.2,,5
CGR02,1,1993,7,27,002D,fl,B,1540,13.8,32.2,,5
CGR02,1,1993,8,4,004B,fl,A,1200,4,23.3,,5
CGR02,1,1993,8,4,004B,fl,B,1127,4,23.3,,0
CGR02,1,1993,8,4,004D,fl,A,1245,4,26.7,,5
CGR02,1,1993,8,4,004D,fl,B,1222,4,24.4,,5
CGR02,1,1993,8,4,002C,fl,A,1327,4,28.3,,5
CGR02,1,1993,8,4,002C,fl,B,1305,4,28.3,,5
CGR02,1,1993,8,4,020B,fl,A,1408,4,26.7,,5
CGR02,1,1993,8,4,020B,fl,B,1346,4,27.8,,5
CGR02,1,1993,8,4,004F,fl,A,1447,4,26.7,,5
CGR02,1,1993,8,4,004F,fl,B,1427,4,26.7,,5
CGR02,1,1993,8,4,010D,fl,A,1517,4,26.7,,5
CGR02,1,1993,8,4,010D,fl,B,1500,4,26.7,,5
CGR02,1,1993,8,4,001D,fl,A,1547,4,26.7,,10
CGR02,1,1993,8,4,001D,fl,B,1530,4,26.7,,5
CGR02,1,1993,8,4,002D,fl,A,1626,4,26.1,,15
CGR02,1,1993,8,4,002D,fl,B,1603,4,26.1,,10
CGR02,1,1994,8,4,004B,fl,A,1220,4,35,,15
CGR02,1,1994,8,4,004B,fl,B,1045,4,32.2,,5
CGR02,1,1994,8,4,004D,fl,A,1309,11.9,34.4,,15
CGR02,1,1994,8,4,004D,fl,B,1242,16.7,34.4,,15
CGR02,1,1994,8,4,002C,fl,A,1347,12.9,34.4,,25
CGR02,1,1994,8,4,002C,fl,B,1328,13.5,33.9,,15
CGR02,1,1994,8,4,020B,fl,A,1425,11.6,33.3,,40
CGR02,1,1994,8,4,020B,fl,B,1406,15.1,34.4,,40
CGR02,1,1994,8,5,004F,fl,A,1327,8.5,27.8,,25
CGR02,1,1994,8,5,004F,fl,B,1347,5.6,28.9,,30
CGR02,1,1994,8,5,010D,fl,A,1245,4,27.2,,30
CGR02,1,1994,8,5,010D,fl,B,1307,4.8,26.7,,30
CGR02,1,1994,8,5,001D,fl,A,1146,11.3,25.6,,40
CGR02,1,1994,8,5,001D,fl,B,1230,6.6,26.7,,40
CGR02,1,1994,8,5,002D,fl,A,1055,8,25,,50
CGR02,1,1994,8,5,002D,fl,B,1125,12.9,25,,40
CGR02,1,1994,8,14,004B,fl,A,1435,6.4,29.4,,50
CGR02,1,1994,8,14,004B,fl,B,1457,12.6,29.4,,45
CGR02,1,1994,8,13,004D,fl,A,1420,4,38.3,,50
CGR02,1,1994,8,14,004D,fl,B,1417,6.4,29.4,,50
CGR02,1,1994,8,13,002C,fl,A,1335,4,38.3,,45
CGR02,1,1994,8,13,002C,fl,B,1400,4,38.3,,50
CGR02,1,1994,8,13,020B,fl,A,1300,4,37.8,,50
CGR02,1,1994,8,13,020B,fl,B,1317,7.2,37.8,,50
CGR02,1,1994,8,13,004F,fl,A,1213,4,36.7,,40
CGR02,1,1994,8,13,004F,fl,B,1230,4,36.7,,50
CGR02,1,1994,8,13,010D,fl,A,1135,4,35,,40
CGR02,1,1994,8,13,010D,fl,B,1157,4,35.6,,40
CGR02,1,1994,8,12,001D,fl,A,1430,16.4,37.8,,5
CGR02,1,1994,8,12,001D,fl,B,1450,14.2,39.4,,10
CGR02,1,1994,8,12,002D,fl,A,1355,17.7,37.8,,5
CGR02,1,1994,8,12,002D,fl,B,1414,16.4,37.8,,5
CGR02,1,1995,8,4,004B,fl,A,1137,4,33.3,,5
CGR02,1,1995,8,4,004B,fl,B,1109,4,31.7,,5
CGR02,1,1995,8,4,0SpB,fl,A,1232,4,33.3,,5
CGR02,1,1995,8,4,0SpB,fl,B,1206,4,33.3,,5
CGR02,1,1995,8,4,002C,fl,A,1320,6.3,33.3,,10
CGR02,1,1995,8,4,002C,fl,B,1256,6.3,33.3,,10
CGR02,1,1995,8,4,020B,fl,A,1409,4.8,33.3,,15
CGR02,1,1995,8,4,020B,fl,B,1345,4.8,33.3,,10
CGR02,1,1995,8,4,004F,fl,A,1449,4,33.3,,30
CGR02,1,1995,8,4,004F,fl,B,1432,4,33.3,,20
CGR02,1,1995,8,5,0SuB,fl,A,1215,4,33.3,,30
CGR02,1,1995,8,5,0SuB,fl,B,1200,4,32.2,,30
CGR02,1,1995,8,5,001D,fl,A,1300,4,33.3,,40
CGR02,1,1995,8,5,001D,fl,B,1235,6,33.3,,40
CGR02,1,1995,8,5,002D,fl,A,1332,4,33.9,,30
CGR02,1,1995,8,5,002D,fl,B,1315,7.4,33.9,,40
CGR02,1,1995,8,10,004B,fl,A,1040,13.8,33.3,,5
CGR02,1,1995,8,10,004B,fl,B,1020,14.5,33.3,,5
CGR02,1,1995,8,10,0SpB,fl,A,1145,17.7,35.6,,0
CGR02,1,1995,8,10,0SpB,fl,B,1130,16.4,35.6,,0
CGR02,1,1995,8,10,002C,fl,A,1220,17.4,35.6,,0
CGR02,1,1995,8,10,002C,fl,B,1205,16.7,36.1,,0
CGR02,1,1995,8,10,020B,fl,A,1250,13.5,35.6,,0
CGR02,1,1995,8,10,020B,fl,B,1235,15.1,36.7,,0
CGR02,1,1995,8,10,004F,fl,A,1325,10.5,36.1,,0
CGR02,1,1995,8,10,004F,fl,B,1310,10.6,36.7,,0
CGR02,1,1995,8,10,0SuB,fl,A,1350,10.3,36.1,,0
CGR02,1,1995,8,10,0SuB,fl,B,1340,13.8,36.1,,0
CGR02,1,1995,8,10,001D,fl,A,1420,7.7,37.2,,0
CGR02,1,1995,8,10,001D,fl,B,1405,20,36.7,,0
CGR02,1,1995,8,10,002D,fl,A,1450,13.5,36.1,,0
CGR02,1,1995,8,10,002D,fl,B,1435,10.9,36.7,,0
CGR02,1,1996,8,6,004B,fl,A,1058,19.300000000000001,33.299999999999997,,50
CGR02,1,1996,8,6,004B,fl,B,1124,17.399999999999999,34.399999999999999,,40
CGR02,1,1996,8,6,0SpB,fl,A,1145,19.600000000000001,33.299999999999997,,40
CGR02,1,1996,8,6,0SpB,fl,B,1205,17.100000000000001,33.899999999999999,,30
CGR02,1,1996,8,6,002C,fl,A,1300,18.699999999999999,32.200000000000003,,25
CGR02,1,1996,8,6,002C,fl,B,1240,19.600000000000001,32.200000000000003,,25
CGR02,1,1996,8,6,020B,fl,A,1340,18.699999999999999,32.799999999999997,,30
CGR02,1,1996,8,6,020B,fl,B,1322,21.600000000000001,32.799999999999997,,25
CGR02,1,1996,8,6,004F,fl,A,1420,20.899999999999999,34.399999999999999,,30
CGR02,1,1996,8,6,004F,fl,B,1357,19.600000000000001,34.399999999999999,,35
CGR02,1,1996,8,8,0SuB,fl,A,1318,4,30.600000000000001,,75
CGR02,1,1996,8,8,0SuB,fl,B,1300,6.4000000000000004,28.899999999999999,,75
CGR02,1,1996,8,8,001D,fl,B,1332,4,33.299999999999997,,75
CGR02,1,1996,8,8,001D,fl,A,1350,6.5999999999999996,31.100000000000001,,75
CGR02,1,1996,8,8,002D,fl,A,1425,4,29.399999999999999,,75
CGR02,1,1996,8,8,002D,fl,B,1407,10.300000000000001,30,,75
CGR02,1,1996,8,15,004B,fl,B,1010,0,31.100000000000001,,45
CGR02,1,1996,8,15,004B,fl,A,1050,4,31.699999999999999,,40
CGR02,1,1996,8,15,0SpB,fl,A,1127,4,33.899999999999999,,45
CGR02,1,1996,8,15,0SpB,fl,B,1110,4,33.299999999999997,,45
CGR02,1,1996,8,15,002C,fl,A,1203,4,34.399999999999999,,45
CGR02,1,1996,8,15,002C,fl,B,1145,4,33.899999999999999,,45
CGR02,1,1996,8,15,020B,fl,A,1252,4.7999999999999998,33.299999999999997,,50
CGR02,1,1996,8,15,020B,fl,B,1230,4,33.299999999999997,,50
CGR02,1,1996,8,19,004F,fl,A,1124,13.800000000000001,30,,45
CGR02,1,1996,8,19,004F,fl,B,1105,18.300000000000001,30,,45
CGR02,1,1996,8,19,0SuB,fl,B,1140,13.199999999999999,30.600000000000001,,50
CGR02,1,1996,8,19,0SuB,fl,A,1209,20.899999999999999,31.100000000000001,,45
CGR02,1,1996,8,19,001D,fl,A,1242,17.100000000000001,32.200000000000003,,45
CGR02,1,1996,8,19,001D,fl,B,1225,19.300000000000001,32.200000000000003,,45
CGR02,1,1996,8,19,002D,fl,A,1315,18,32.799999999999997,,50
CGR02,1,1996,8,19,002D,fl,B,1259,14.800000000000001,32.799999999999997,,45
CGR02,1,1997,7,14,0SuB,fl,A,1116,4.8,32.2,,25
CGR02,1,1997,7,14,0SuB,fl,B,1057,4,31.7,,20
CGR02,1,1997,7,22,0SuB,fl,A,1110,0,37.2,,20
CGR02,1,1997,7,22,0SuB,fl,B,1127,4,38.3,,25
CGR02,1,1997,7,22,002D,fl,A,1007,0,33.3,,10
CGR02,1,1997,7,22,002D,fl,B,1027,0,33.3,,10
CGR02,1,1997,7,22,001D,fl,A,1041,0,34.4,,15
CGR02,1,1997,7,22,001D,fl,B,1059,0,35.6,,15
CGR02,1,1997,7,22,004F,fl,A,1250,0,37.2,,30
CGR02,1,1997,7,22,004F,fl,B,1308,0,36.7,,35
CGR02,1,1997,7,22,020B,fl,A,1320,0,37.8,,35
CGR02,1,1997,7,22,020B,fl,B,1335,0,37.2,,40
CGR02,1,1997,7,22,002C,fl,A,1350,0,37.8,,35
CGR02,1,1997,7,22,002C,fl,B,1405,4,37.2,,35
CGR02,1,1997,7,23,0SpB,fl,A,1010,5.6,36.1,,5
CGR02,1,1997,7,23,0SpB,fl,B,1025,7.4,35.6,,5
CGR02,1,1997,7,23,004B,fl,A,1041,15.1,35.6,,5
CGR02,1,1997,7,23,004B,fl,B,1055,10.8,36.7,,5
CGR02,1,1997,7,29,004B,fl,B,1055,7.4,30,,10
CGR02,1,1997,7,29,004B,fl,A,1113,5.6,30,,10
CGR02,1,1997,7,29,0SpB,fl,B,1127,10,30,,10
CGR02,1,1997,7,29,0SpB,fl,A,1139,10.9,30.6,,10
CGR02,1,1997,7,29,002C,fl,B,1330,4,31.1,,40
CGR02,1,1997,7,29,002C,fl,A,1347,4,30.6,,50
CGR02,1,1997,7,29,020B,fl,B,1400,4,31.1,,50
CGR02,1,1997,7,29,020B,fl,A,1421,9.8,31.1,,50
CGR02,1,1997,7,30,004F,fl,B,1429,6.3,28.9,,10
CGR02,1,1997,7,30,004F,fl,A,1413,11.9,28.9,,10
CGR02,1,1997,7,30,001D,fl,B,1358,4,28.9,,10
CGR02,1,1997,7,30,001D,fl,A,1340,9.3,28.9,,10
CGR02,1,1997,7,30,002D,fl,B,1327,5.6,28.3,,10
CGR02,1,1997,7,30,002D,fl,A,1309,7.2,28.3,,15
CGR02,1,1998,7,14,0SuB,fl,A,1028,8.4,34.4,,10
CGR02,1,1998,7,14,0SuB,fl,B,1047,10,34.4,,15
CGR02,1,1998,7,21,0SuB,fl,A,1107,18.7,36.4,,0
CGR02,1,1998,7,21,0SuB,fl,B,1122,14.8,36.7,,0
CGR02,1,1998,7,21,002D,fl,A,1000,20,33.9,,0
CGR02,1,1998,7,21,002D,fl,B,1020,20.3,34.4,,0
CGR02,1,1998,7,21,001D,fl,A,1035,19.6,34.4,,0
CGR02,1,1998,7,21,001D,fl,B,1055,22.5,36.1,,0
CGR02,1,1998,7,21,004F,fl,A,1152,19.3,36.7,,0
CGR02,1,1998,7,21,004F,fl,B,1208,22.5,37.2,,0
CGR02,1,1998,7,21,020B,fl,A,1220,18,37.8,,0
CGR02,1,1998,7,21,020B,fl,B,1235,14.5,38.3,,0
CGR02,1,1998,7,21,002C,fl,A,1255,16.4,38.6,,0
CGR02,1,1998,7,21,002C,fl,B,1310,18.7,40,,0
CGR02,1,1998,7,21,0SpB,fl,A,1327,16.1,39.4,,0
CGR02,1,1998,7,21,0SpB,fl,B,1345,20.3,39.4,,0
CGR02,1,1998,7,21,004B,fl,A,1400,10.9,40,,0
CGR02,1,1998,7,21,004B,fl,B,1420,14.5,40,,0
CGR02,1,1998,7,28,002D,fl,A,1003,0,33.3,,35
CGR02,1,1998,7,28,002D,fl,B,1028,4,33.3,,35
CGR02,1,1998,7,28,001D,fl,A,1045,4,33.3,,45
CGR02,1,1998,7,28,001D,fl,B,1105,4,33.3,,45
CGR02,1,1998,7,28,004F,fl,A,1155,4,32.8,,55
CGR02,1,1998,7,28,004F,fl,B,1205,4,33.3,,50
CGR02,1,1998,7,28,020B,fl,A,1220,4,33.3,,50
CGR02,1,1998,7,28,020B,fl,B,1239,4,33.3,,55
CGR02,1,1998,7,28,002C,fl,A,1311,4,34.4,,55
CGR02,1,1998,7,28,002C,fl,B,1300,4,34.4,,45
CGR02,1,1998,7,28,0SpB,fl,A,1330,4,35,,55
CGR02,1,1998,7,28,0SpB,fl,B,1344,4,35,,55
CGR02,1,1998,7,28,004B,fl,A,1252,8.5,32.2,,40
CGR02,1,1998,7,28,004B,fl,B,1235,6.4,32.2,,40
CGR02,1,1999,7,14,0SuB,fl,B,1215,18.3,32.2,,40
CGR02,1,1999,7,14,0SuB,fl,A,1240,11.9,32.2,,35
CGR02,1,1999,7,19,0SuB,fl,A,1233,12.2,36.1,,5
CGR02,1,1999,7,19,0SuB,fl,B,1251,5.6,36.7,,5
CGR02,1,1999,7,19,002D,fl,A,1124,18,35,,5
CGR02,1,1999,7,19,002D,fl,B,1145,8.4,35,,5
CGR02,1,1999,7,19,001D,fl,A,1201,7.6,35,,10
CGR02,1,1999,7,19,001D,fl,B,1220,7.1,36.1,,10
CGR02,1,1999,7,19,004F,fl,A,1308,10.1,36.1,,5
CGR02,1,1999,7,19,004F,fl,B,1324,12.9,36.1,,5
CGR02,1,1999,7,19,020B,fl,A,1337,17.4,36.7,,5
CGR02,1,1999,7,19,020B,fl,B,1351,13.8,36.7,,5
CGR02,1,1999,7,19,002C,fl,A,1407,4.8,36.7,,5
CGR02,1,1999,7,19,002C,fl,B,1420,16.4,38.3,,10
CGR02,1,1999,7,20,0SpB,fl,A,1300,17.4,36.7,,5
CGR02,1,1999,7,20,0SpB,fl,B,1243,19.3,36.1,,5
CGR02,1,1999,7,20,004B,fl,A,1225,14.2,35.6,,5
CGR02,1,1999,7,20,004B,fl,B,1201,18,35.6,,5
CGR02,1,1999,7,27,002D,fl,A,1010,12.9,32.8,,25
CGR02,1,1999,7,27,002D,fl,B,945,8,30.6,,30
CGR02,1,1999,7,27,001D,fl,A,1020,,33.9,,25
CGR02,1,1999,7,27,001D,fl,B,1100,9.7,37.8,,25
CGR02,1,1999,7,29,004F,fl,A,1135,14.5,35,,15
CGR02,1,1999,7,29,004F,fl,B,1158,17.7,36.1,,15
CGR02,1,1999,7,28,020B,fl,A,1347,14.5,39.4,,10
CGR02,1,1999,7,28,020B,fl,B,1407,,40,,10
CGR02,1,1999,7,28,002C,fl,A,1426,14.5,39.4,,15
CGR02,1,1999,7,29,002C,fl,B,1042,9.7,37.8,,0
CGR02,1,1999,7,28,0SpB,fl,A,1107,8,37.8,,0
CGR02,1,1999,7,29,0SpB,fl,B,1131,,38.3,,0
CGR02,1,1999,7,29,004B,fl,A,1325,16.1,40,,0
CGR02,1,1999,7,29,004B,fl,B,1258,,39.4,,0
CGR02,1,2000,7,25,002D,fl,A,1045,6.3,29.4,,35
CGR02,1,2000,7,25,002D,fl,B,1112,4,30,,30
CGR02,1,2000,7,25,001D,fl,A,1129,4,30,,30
CGR02,1,2000,7,25,001D,fl,B,1146,4,32.2,,35
CGR02,1,2000,7,25,0SuB,fl,A,1200,4.8,32.2,,40
CGR02,1,2000,7,25,0SuB,fl,B,1215,4,35.6,,30
CGR02,1,2000,7,25,004F,fl,A,1232,4,35.6,,30
CGR02,1,2000,7,25,004F,fl,B,1254,4.8,34.4,,45
CGR02,1,2000,7,25,020B,fl,A,1309,7.1,35.6,,50
CGR02,1,2000,7,25,020B,fl,B,1322,4,33.3,,40
CGR02,1,2000,7,25,002C,fl,A,1350,4,35.6,,50
CGR02,1,2000,7,25,002C,fl,B,1404,8.7,35.6,,35
CGR02,1,2000,7,25,0SpB,fl,A,1419,4,36.7,,20
CGR02,1,2000,7,25,0SpB,fl,B,1431,4.8,36.1,,15
CGR02,1,2000,7,26,004B,fl,A,1030,8.7,30,,50
CGR02,1,2000,7,26,004B,fl,B,1055,11.7,32.2,,40
CGR02,1,2000,7,31,002D,fl,A,1024,4,28.9,,10
CGR02,1,2000,7,31,002D,fl,B,1041,8,29.4,,20
CGR02,1,2000,7,31,001D,fl,A,1056,4,29.4,,40
CGR02,1,2000,7,31,001D,fl,B,1115,4,32.2,,50
CGR02,1,2000,7,31,0SuB,fl,A,1157,4.8,32.2,,50
CGR02,1,2000,7,31,0SuB,fl,B,1210,9.2,29.4,,50
CGR02,1,2000,7,31,004F,fl,A,1225,6.1,29.4,,45
CGR02,1,2000,7,31,004F,fl,B,1237,6,31.7,,35
CGR02,1,2000,7,31,020B,fl,A,1250,8.5,30.6,,50
CGR02,1,2000,7,31,020B,fl,B,1305,10.3,32.2,,40
CGR02,1,2000,7,31,002C,fl,A,1324,4,33.3,,40
CGR02,1,2000,7,31,002C,fl,B,1335,4,31.7,,45
CGR02,1,2000,7,31,0SpB,fl,A,1350,4,32.2,,35
CGR02,1,2000,7,31,0SpB,fl,B,1405,4,33.3,,50
CGR02,1,2000,7,31,004B,fl,A,1418,4.8,32.8,,35
CGR02,1,2000,7,31,004B,fl,B,1435,7.7,32.8,,45
CGR02,1,2001,7,17,0SuB,fl,A,1015,9.3,33.3,,15
CGR02,1,2001,7,17,0SuB,fl,B,1029,8.7,33.3,,15
CGR02,1,2001,7,24,002D,fl,A,1155,9.3,32.2,,50
CGR02,1,2001,7,24,002D,fl,B,1216,8.7,33.3,,25
CGR02,1,2001,7,24,001D,fl,A,1235,11.6,35.6,,15
CGR02,1,2001,7,24,001D,fl,B,1255,20.3,37.8,,15
CGR02,1,2001,7,24,004F,fl,A,1325,8,36.7,,10
CGR02,1,2001,7,24,004F,fl,B,1340,17.4,37.8,,10
CGR02,1,2001,7,24,020B,fl,A,1350,18,39.4,,15
CGR02,1,2001,7,24,020B,fl,B,1405,13.5,39.4,,15
CGR02,1,2001,7,24,002C,fl,A,1417,16.1,39.4,,30
CGR02,1,2001,7,24,002C,fl,B,1427,17.1,40.6,,50
CGR02,1,2001,7,24,0SpB,fl,A,1435,15.4,40,,50
CGR02,1,2001,7,24,0SpB,fl,B,1445,15.4,40.6,,50
CGR02,1,2001,7,24,004B,fl,A,1456,11.9,40.6,,50
CGR02,1,2001,7,24,004B,fl,B,1510,9.7,41.7,,45
CGR02,1,2001,7,24,0SuB,fl,A,1304,12.2,37.8,,15
CGR02,1,2001,7,24,0SuB,fl,B,1315,17.1,36.7,,15
CGR02,1,2001,7,30,002D,fl,A,1302,13.8,36.1,,0
CGR02,1,2001,7,30,002D,fl,B,1250,16.1,36.7,,0
CGR02,1,2001,7,30,001D,fl,A,1238,11.3,36.7,,0
CGR02,1,2001,7,30,001D,fl,B,1222,13.8,36.1,,0
CGR02,1,2001,7,30,004F,fl,A,1212,13.5,36.1,,0
CGR02,1,2001,7,30,004F,fl,B,1201,10.8,36.7,,0
CGR02,1,2001,7,30,020B,fl,A,1151,14.2,35.6,,0
CGR02,1,2001,7,30,020B,fl,B,1140,15.1,35.6,,0
CGR02,1,2001,7,30,002C,fl,A,1128,9.2,35,,0
CGR02,1,2001,7,30,002C,fl,B,1116,16.7,35,,0
CGR02,1,2001,7,30,0SpB,fl,A,1105,11.6,34.4,,0
CGR02,1,2001,7,30,0SpB,fl,B,1054,12.6,34.4,,0
CGR02,1,2001,7,30,004B,fl,A,1041,10.9,35,,0
CGR02,1,2001,7,30,004B,fl,B,1025,4.8,35,,0
CGR02,1,2002,7,24,002D,fl,A,1100,4,32.2,,0
CGR02,1,2002,7,24,002D,fl,B,1112,6,32.2,,0
CGR02,1,2002,7,24,001D,fl,A,1125,8.9,32.2,,0
CGR02,1,2002,7,24,001D,fl,B,1149,4,32.2,,0
CGR02,1,2002,7,24,0SuB,fl,A,1214,4,32.8,,0
CGR02,1,2002,7,24,0SuB,fl,B,1225,4,33.9,,0
CGR02,1,2002,7,24,004F,fl,A,1233,6,33.9,,0
CGR02,1,2002,7,24,004F,fl,B,1243,4,33.3,,0
CGR02,1,2002,7,23,020B,fl,A,1501,11.3,36.7,,30
CGR02,1,2002,7,23,020B,fl,B,1449,9.7,36.7,,25
CGR02,1,2002,7,23,002C,fl,A,1421,9.7,36.7,,25
CGR02,1,2002,7,23,002C,fl,B,1409,8,36.7,,25
CGR02,1,2002,7,23,0SpB,fl,A,1358,4,36.1,,25
CGR02,1,2002,7,23,0SpB,fl,B,1332,16.1,36.1,,30
CGR02,1,2002,7,23,004B,fl,A,1315,4,35,,40
CGR02,1,2002,7,23,004B,fl,B,1255,4,33.3,,45
CGR02,1,2002,7,23,N20A,fl,A,1040,4,28.9,,75
CGR02,1,2002,7,23,N20A,fl,B,1115,9.7,30,,75
CGR02,1,2002,7,23,N01A,fl,A,1128,4,30,,75
CGR02,1,2002,7,23,N01A,fl,B,1103,8.7,29.4,,60
CGR02,1,2002,7,23,N04A,fl,A,1227,9.7,33.9,,75
CGR02,1,2002,7,23,N04A,fl,B,1243,14.8,33.3,,50
CGR02,1,2002,7,23,N04D,fl,A,1434,4,36.1,,25
CGR02,1,2002,7,23,N04D,fl,B,1345,14.5,36.1,,20
CGR02,1,2002,7,24,N01B,fl,A,1135,6.8,31.7,,0
CGR02,1,2002,7,24,N01B,fl,B,1034,9.7,30,,0
CGR02,1,2002,7,24,N20B,fl,A,1047,9.7,31.1,,0
CGR02,1,2002,7,24,N20B,fl,B,1022,6.8,29.4,,0
CGR02,1,2002,7,31,002D,fl,A,1126,16.9,32.2,,45
CGR02,1,2002,7,31,002D,fl,B,1138,16.9,33.3,,40
CGR02,1,2002,7,31,001D,fl,A,1147,14.5,33.3,,35
CGR02,1,2002,7,31,001D,fl,B,1221,9.7,32.8,,20
CGR02,1,2002,7,30,0SuB,fl,A,1428,12.9,36.1,,0
CGR02,1,2002,7,30,0SuB,fl,B,1417,4,36.1,,0
CGR02,1,2002,7,30,004F,fl,A,1406,10.5,36.1,,0
CGR02,1,2002,7,30,004F,fl,B,1353,15.3,36.1,,0
CGR02,1,2002,7,30,020B,fl,A,1343,8.9,36.1,,0
CGR02,1,2002,7,30,020B,fl,B,1332,15.3,36.1,,0
CGR02,1,2002,7,30,002C,fl,A,1309,14.5,35.6,,0
CGR02,1,2002,7,30,002C,fl,B,1257,11.3,35.6,,0
CGR02,1,2002,7,30,0SpB,fl,A,1247,9.3,35.6,,0
CGR02,1,2002,7,30,0SpB,fl,B,1225,15.3,35.6,,0
CGR02,1,2002,7,30,004B,fl,A,1212,13.7,35,,0
CGR02,1,2002,7,30,004B,fl,B,1139,11.3,35,,0
CGR02,1,2002,7,30,N20A,fl,A,1050,8.4,31.7,,0
CGR02,1,2002,7,30,N20A,fl,B,1026,4,31.7,,0
CGR02,1,2002,7,30,N01A,fl,A,1100,18.5,31.7,,0
CGR02,1,2002,7,30,N01A,fl,B,1039,4,31.7,,0
CGR02,1,2002,7,30,N04A,fl,A,1115,16.1,32.2,,0
CGR02,1,2002,7,30,N04A,fl,B,1127,13.7,32.2,,0
CGR02,1,2002,7,30,N04D,fl,A,1319,11.3,35.6,,0
CGR02,1,2002,7,30,N04D,fl,B,1235,16.9,34.4,,0
CGR02,1,2002,7,31,N01B,fl,B,1209,17.7,32.8,,25
CGR02,1,2002,7,31,N01B,fl,A,1236,17.7,33.9,,20
CGR02,1,2002,7,31,N20B,fl,A,1158,14.5,33.3,,35
CGR02,1,2002,7,31,N20B,fl,B,1243,16.1,33.9,,20
CGR02,1,2003,7,15,002D,fl,A,1220,17.7,33.3,,0
CGR02,1,2003,7,15,002D,fl,B,1205,12.9,32.2,,0
CGR02,1,2003,7,15,001D,fl,A,1313,14.5,35,,0
CGR02,1,2003,7,15,001D,fl,B,1242,17.7,33.9,,0
CGR02,1,2003,7,7,0SuB,fl,A,1023,23.8,30,,15
CGR02,1,2003,7,7,0SuB,fl,B,1011,20.9,29.4,,15
CGR02,1,2003,7,15,004F,fl,A,1352,13.7,34.4,,0
CGR02,1,2003,7,15,004F,fl,B,1405,8,35,,0
CGR02,1,2003,7,15,020B,fl,A,1419,12.9,35.6,,0
CGR02,1,2003,7,15,020B,fl,B,1430,8.9,36.1,,0
CGR02,1,2003,7,15,002C,fl,A,1500,9.7,35,,0
CGR02,1,2003,7,15,002C,fl,B,1533,9.7,38.3,,0
CGR02,1,2003,7,16,0SpB,fl,A,1246,9.7,35.6,,35
CGR02,1,2003,7,16,0SpB,fl,B,1229,20.1,34.4,,35
CGR02,1,2003,7,16,004B,fl,A,1215,9.7,33.9,,40
CGR02,1,2003,7,16,004B,fl,B,1200,16.1,32.8,,40
CGR02,1,2003,7,16,N20A,fl,A,1106,10.5,31.1,,50
CGR02,1,2003,7,16,N20A,fl,B,1037,4,30.6,,55
CGR02,1,2003,7,16,N01A,fl,A,1117,9.7,30.6,,50
CGR02,1,2003,7,16,N01A,fl,B,1052,9.7,30.6,,55
CGR02,1,2003,7,16,N04A,fl,A,1132,16.1,32.8,,50
CGR02,1,2003,7,16,N04A,fl,B,1147,22.5,33.9,,47
CGR02,1,2003,7,15,N04D,fl,A,1444,6,36.1,,0
CGR02,1,2003,7,15,N04D,fl,B,1519,6,37.2,,0
CGR02,1,2003,7,15,N01B,fl,A,1255,14.5,35,,0
CGR02,1,2003,7,15,N01B,fl,B,1121,18.5,32.2,,0
CGR02,1,2003,7,15,N20B,fl,A,1146,13.7,32.8,,0
CGR02,1,2003,7,15,N20B,fl,B,1105,12.9,31.7,,0
CGR02,1,2003,7,15,0SuB,fl,A,1336,19.3,34.4,,
CGR02,1,2003,7,15,0SuB,fl,B,1326,13.7,33.9,,0
CGR02,1,2003,7,21,002D,fl,A,1132,6.8,29.4,,0
CGR02,1,2003,7,21,002D,fl,B,1121,9.7,29.4,,0
CGR02,1,2003,7,21,001D,fl,A,1108,10.5,28.9,,0
CGR02,1,2003,7,21,001D,fl,B,1200,4,32.8,,0
CGR02,1,2003,7,21,004F,fl,A,1209,4,32.2,,0
CGR02,1,2003,7,21,004F,fl,B,1221,4,32.8,,0
CGR02,1,2003,7,21,020B,fl,A,1230,,32.2,,5
CGR02,1,2003,7,21,020B,fl,B,1241,4,32.2,,5
CGR02,1,2003,7,21,002C,fl,A,1310,4,32.8,,5
CGR02,1,2003,7,21,002C,fl,B,1317,4,32.8,,10
CGR02,1,2003,7,21,0SpB,fl,A,1328,4,32.8,,10
CGR02,1,2003,7,21,0SpB,fl,B,1349,13.7,32.2,,15
CGR02,1,2003,7,21,004B,fl,A,1401,11.3,33.3,,15
CGR02,1,2003,7,21,004B,fl,B,1415,19.3,33.3,,10
CGR02,1,2003,7,22,N20A,fl,A,1214,9.7,26.1,,35
CGR02,1,2003,7,22,N20A,fl,B,1148,6,26.1,,40
CGR02,1,2003,7,22,N01A,fl,A,1224,16.9,26.1,,35
CGR02,1,2003,7,22,N01A,fl,B,1207,14.5,27.2,,40
CGR02,1,2003,7,21,N04A,fl,A,1436,12.9,32.2,,20
CGR02,1,2003,7,21,N04A,fl,B,1424,20.1,33.9,,15
CGR02,1,2003,7,21,N04D,fl,A,1251,6.8,32.8,,5
CGR02,1,2003,7,21,N04D,fl,B,1338,16.1,32.2,,15
CGR02,1,2003,7,21,N01B,fl,A,1148,9.7,31.7,,0
CGR02,1,2003,7,21,N01B,fl,B,1043,9.7,27.8,,0
CGR02,1,2003,7,21,N20B,fl,A,1057,11.3,29.4,,0
CGR02,1,2003,7,21,N20B,fl,B,1032,12.1,27.8,,0
CGR02,1,2004,7,27,002D,fl,A,1235,13.2,26.1,,4
CGR02,1,2004,7,27,002D,fl,B,1222,15.1,24.4,,4
CGR02,1,2004,7,27,001D,fl,A,1207,10.3,25,,4
CGR02,1,2004,7,27,001D,fl,B,1148,14.8,25,,3
CGR02,1,2004,7,27,0SuB,fl,A,1137,16.4,25,,3
CGR02,1,2004,7,27,0SuB,fl,B,1126,18.7,24.4,,3
CGR02,1,2004,7,27,004F,fl,A,1116,16.4,25.6,,3
CGR02,1,2004,7,27,004F,fl,B,1103,5.1,23.3,,3
CGR02,1,2004,7,27,020B,fl,A,1051,12.9,24.4,,3
CGR02,1,2004,7,27,020B,fl,B,1037,16.4,25,,2
CGR02,1,2004,7,26,002C,fl,A,1154,4,22.2,,50
CGR02,1,2004,7,26,002C,fl,B,1125,4,22.2,,50
CGR02,1,2004,7,26,0SpB,fl,A,1212,4,21.7,,45
CGR02,1,2004,7,26,0SpB,fl,B,1229,4,22.8,,45
CGR02,1,2004,7,26,004B,fl,A,1247,4,23.3,,55
CGR02,1,2004,7,26,004B,fl,B,1305,4,24.4,,45
CGR02,1,2004,7,26,N20A,fl,A,1428,4,26.7,,40
CGR02,1,2004,7,26,N20A,fl,B,1410,4,25.6,,45
CGR02,1,2004,7,26,N01A,fl,A,1401,0,25.6,,50
CGR02,1,2004,7,26,N01A,fl,B,1348,4,24.4,,45
CGR02,1,2004,7,26,N04A,fl,A,1332,4,25.6,,45
CGR02,1,2004,7,26,N04A,fl,B,1317,0,25,,50
CGR02,1,2004,7,27,N04D,fl,A,1021,17.7,24.4,,2
CGR02,1,2004,7,27,N04D,fl,B,1004,14.8,23.3,,2
CGR02,1,2004,7,26,N01B,fl,A,1528,4,25.6,,50
CGR02,1,2004,7,26,N01B,fl,B,1501,4,23.9,,50
CGR02,1,2004,7,26,N20B,fl,A,1517,4,25.6,,50
CGR02,1,2004,7,26,N20B,fl,B,1452,4,23.9,,50
CGR02,1,2004,8,5,002D,fl,A,1212,14.5,25.6,,5
CGR02,1,2004,8,5,002D,fl,B,1202,15.8,25.6,,6
CGR02,1,2004,8,5,001D,fl,A,1149,9.7,25.6,,8
CGR02,1,2004,8,5,001D,fl,B,1232,14.8,26.7,,5
CGR02,1,2004,8,5,0SuB,fl,A,1240,15.4,26.7,,6
CGR02,1,2004,8,5,0SuB,fl,B,1251,14.5,27.2,,6
CGR02,1,2004,8,5,004F,fl,A,1302,9.7,27.2,,10
CGR02,1,2004,8,5,004F,fl,B,1314,9.5,27.8,,12
CGR02,1,2004,8,3,020B,fl,A,1414,19,37.2,,0
CGR02,1,2004,8,3,020B,fl,B,1400,17.7,36.1,,0
CGR02,1,2004,8,3,002C,fl,A,1332,15.4,35.6,,0
CGR02,1,2004,8,3,002C,fl,B,1319,17.4,35,,0
CGR02,1,2004,8,3,0SpB,fl,A,1305,16.1,35,,0
CGR02,1,2004,8,3,0SpB,fl,B,1230,14.2,35.6,,0
CGR02,1,2004,8,3,004B,fl,A,1214,15.8,33.9,,0
CGR02,1,2004,8,3,004B,fl,B,1158,19,33.3,,0
CGR02,1,2004,8,3,N20A,fl,A,1058,16.1,32.8,,0
CGR02,1,2004,8,3,N20A,fl,B,1025,13.5,32.2,,0
CGR02,1,2004,8,3,N01A,fl,A,1108,14.5,32.8,,0
CGR02,1,2004,8,3,N01A,fl,B,1044,18,32.2,,0
CGR02,1,2004,8,3,N04A,fl,A,1127,18.7,33.3,,0
CGR02,1,2004,8,3,N04A,fl,B,1143,17.7,33.3,,0
CGR02,1,2004,8,3,N04D,fl,A,1345,19.6,36.1,,0
CGR02,1,2004,8,3,N04D,fl,B,1245,17.7,36.1,,0
CGR02,1,2004,8,5,N01B,fl,A,1124,19,25.6,,8
CGR02,1,2004,8,5,N01B,fl,B,1109,16.1,23.9,,5
CGR02,1,2004,8,5,N20B,fl,A,1136,16.7,25,,10
CGR02,1,2004,8,5,N20B,fl,B,1053,19,24.4,,5
CGR02,1,2005,7,27,002D,fl,A,1404,4.8,25,,
CGR02,1,2005,7,27,002D,fl,B,1353,5.6,24.4,,2
CGR02,1,2005,7,27,001D,fl,A,1341,10.3,23.3,,3
CGR02,1,2005,7,27,001D,fl,B,1241,12.4,22.2,,0
CGR02,1,2005,7,11,0SuB,fl,A,1033,4,27.8,,0
CGR02,1,2005,7,11,0SuB,fl,B,1010,4,27.8,,0
CGR02,1,2005,7,27,004F,fl,A,1223,9.2,22.8,,0
CGR02,1,2005,7,27,004F,fl,B,1217,20,21.7,,3
CGR02,1,2005,7,27,020B,fl,A,1203,11.3,21.7,,3
CGR02,1,2005,7,27,020B,fl,B,1116,11.6,21.1,,5
CGR02,1,2005,7,27,002C,fl,A,1147,4,22.8,,3
CGR02,1,2005,7,27,002C,fl,B,1138,17.4,22.8,,3
CGR02,1,2005,7,25,0SpB,fl,A,1258,25.1,34.4,,0
CGR02,1,2005,7,25,0SpB,fl,B,1220,20.3,34.4,,0
CGR02,1,2005,7,25,004B,fl,A,1208,21.9,34.4,,0
CGR02,1,2005,7,25,004B,fl,B,1148,22.2,33.3,,0
CGR02,1,2005,7,25,N20A,fl,A,1038,22.2,32.8,,0
CGR02,1,2005,7,25,N20A,fl,B,1015,17.1,32.2,,0
CGR02,1,2005,7,25,N01A,fl,A,1050,18.7,32.8,,0
CGR02,1,2005,7,25,N01A,fl,B,1105,19.6,32.8,,0
CGR02,1,2005,7,25,N04A,fl,A,1118,24.1,32.8,,0
CGR02,1,2005,7,25,N04A,fl,B,1133,23.2,33.9,,0
CGR02,1,2005,7,25,N04D,fl,B,1245,23.5,35,,0
CGR02,1,2005,7,25,N04D,fl,A,1312,23.8,35.6,,0
CGR02,1,2005,7,27,N01B,fl,A,1253,17.7,22.8,,2
CGR02,1,2005,7,27,N01B,fl,B,1307,9.8,22.8,,1
CGR02,1,2005,7,27,N20B,fl,A,1330,13.2,23.9,,2
CGR02,1,2005,7,27,N20B,fl,B,1317,10.9,23.3,,2
CGR02,1,2005,8,2,002D,fl,A,1227,14.2,36.7,,5
CGR02,1,2005,8,2,002D,fl,B,1212,13.8,36.1,,5
CGR02,1,2005,8,2,001D,fl,A,1201,14.2,36.1,,5
CGR02,1,2005,8,2,001D,fl,B,1058,18,33.9,,5
CGR02,1,2005,7,20,0SuB,fl,A,1056,19.6,33.3,,0
CGR02,1,2005,7,20,0SuB,fl,B,1037,15.4,33.3,,0
CGR02,1,2005,8,2,004F,fl,A,1046,18.7,34.4,,5
CGR02,1,2005,8,2,004F,fl,B,1033,15.8,34.4,,5
CGR02,1,2005,8,1,020B,fl,A,1344,11.3,36.1,,0
CGR02,1,2005,8,1,020B,fl,B,1332,15.4,36.1,,0
CGR02,1,2005,8,1,002C,fl,A,1306,14.2,35,,0
CGR02,1,2005,8,1,002C,fl,B,1253,11.9,35.6,,0
CGR02,1,2005,8,1,0SpB,fl,A,1242,13.5,34.4,,0
CGR02,1,2005,8,1,0SpB,fl,B,1213,17.1,34.4,,0
CGR02,1,2005,8,1,004B,fl,A,1157,16.4,34.4,,0
CGR02,1,2005,8,1,004B,fl,B,1139,13.5,31.7,,0
CGR02,1,2005,8,1,N20A,fl,B,1019,15.4,30,,5
CGR02,1,2005,8,1,N20A,fl,A,1039,18.7,30.6,,5
CGR02,1,2005,8,1,N01A,fl,A,1050,14.2,31.1,,5
CGR02,1,2005,8,1,N01A,fl,B,1103,15.4,31.7,,5
CGR02,1,2005,8,1,N04A,fl,A,1117,19.6,30.6,,0
CGR02,1,2005,8,2,N04A,fl,B,1015,18,32.2,,5
CGR02,1,2005,8,1,N04D,fl,A,1318,14.5,35.6,,0
CGR02,1,2005,8,1,N04D,fl,B,1228,15.8,35,,0
CGR02,1,2005,8,2,N01B,fl,A,1110,14.2,35.6,,5
CGR02,1,2005,8,2,N01B,fl,B,1126,16.1,36.1,,5
CGR02,1,2005,8,2,N20B,fl,A,1150,17.1,36.1,,5
CGR02,1,2005,8,2,N20B,fl,B,1137,10,36.1,,5
CGR02,1,2006,7,24,002D,fl,A,1152,11.6,31.7,,25
CGR02,1,2006,7,24,002D,fl,B,1135,12.2,31.1,,30
CGR02,1,2006,7,24,001D,fl,A,1122,14.5,31.1,,30
CGR02,1,2006,7,24,001D,fl,B,1209,11.9,32.2,,30
CGR02,1,2006,7,24,0SuB,fl,A,1219,17.1,32.2,,30
CGR02,1,2006,7,24,0SuB,fl,B,1250,10.5,33.9,,40
CGR02,1,2006,7,24,004F,fl,A,1303,6,33.9,,40
CGR02,1,2006,7,24,004F,fl,B,1316,15.1,34.4,,50
CGR02,1,2006,7,24,020B,fl,A,1328,8.9,32.2,,50
CGR02,1,2006,7,24,020B,fl,B,1341,9,32.8,,50
CGR02,1,2006,7,24,002C,fl,A,1406,12.9,32.2,,45
CGR02,1,2006,7,24,002C,fl,B,1418,15.1,32.8,,35
CGR02,1,2006,7,24,0SpB,fl,A,1433,9,33.3,,30
CGR02,1,2006,7,24,0SpB,fl,B,1456,12.6,32.8,,25
CGR02,1,2006,7,25,004B,fl,A,1339,22.5,37.2,,50
CGR02,1,2006,7,25,004B,fl,B,1324,20.9,36.1,,45
CGR02,1,2006,7,25,N20A,fl,A,1201,20.9,33.9,,55
CGR02,1,2006,7,25,N20A,fl,B,1142,24.1,33.3,,50
CGR02,1,2006,7,25,N01A,fl,A,1217,21.9,33.9,,55
CGR02,1,2006,7,25,N01A,fl,B,1232,22.2,34.4,,45
CGR02,1,2006,7,25,N04A,fl,A,1251,21.6,36.1,,45
CGR02,1,2006,7,25,N04A,fl,B,1309,23.8,36.1,,
CGR02,1,2006,7,24,N04D,fl,A,1355,6.4,33.3,,50
CGR02,1,2006,7,24,N04D,fl,B,1445,4,32.8,,20
CGR02,1,2006,7,24,N01B,fl,A,1232,9,32.8,,35
CGR02,1,2006,7,24,N01B,fl,B,1051,12.9,30.6,,30
CGR02,1,2006,7,24,N20B,fl,A,1107,15.4,30.6,,25
CGR02,1,2006,7,24,N20B,fl,B,1037,20.3,30,,30
CGR02,1,2006,8,3,002D,fl,A,1419,10.9,31.1,,40
CGR02,1,2006,8,3,002D,fl,B,1403,4,30.6,,40
CGR02,1,2006,8,3,001D,fl,A,1349,4,29.4,,45
CGR02,1,2006,8,3,001D,fl,B,1451,4,32.8,,30
CGR02,1,2006,8,4,0SuB,fl,A,1000,8.7,27.2,,5
CGR02,1,2006,8,4,0SuB,fl,B,1016,11.3,27.8,,5
CGR02,1,2006,8,4,004F,fl,A,1031,10.3,28.3,,5
CGR02,1,2006,8,4,004F,fl,B,1046,8.9,28.9,,5
CGR02,1,2006,8,4,020B,fl,A,1103,5.1,28.3,,5
CGR02,1,2006,8,4,020B,fl,B,1117,8,28.3,,5
CGR02,1,2006,8,4,002C,fl,A,1213,4,31.1,,5
CGR02,1,2006,8,4,002C,fl,B,1200,13.5,30.6,,5
CGR02,1,2006,8,7,0SpB,fl,A,1157,12.2,32.2,,10
CGR02,1,2006,8,7,0SpB,fl,B,1145,12.9,33.3,,10
CGR02,1,2006,8,7,004B,fl,A,1133,14.2,32.2,,15
CGR02,1,2006,8,7,004B,fl,B,1120,11.6,32.2,,20
CGR02,1,2006,8,7,N20A,fl,A,1040,16.4,30.6,,20
CGR02,1,2006,8,7,N20A,fl,B,1000,13.8,30,,30
CGR02,1,2006,8,7,N01A,fl,A,1030,13.8,31.1,,20
CGR02,1,2006,8,7,N01A,fl,B,1015,15.8,30,,30
CGR02,1,2006,8,7,N04A,fl,A,1055,13.8,31.7,,30
CGR02,1,2006,8,7,N04A,fl,B,1109,10.9,32.8,,30
CGR02,1,2006,8,4,N04D,fl,A,1133,4,28.9,,5
CGR02,1,2006,8,4,N04D,fl,B,1228,4,31.7,,5
CGR02,1,2006,8,3,N01B,fl,A,1435,8,31.1,,40
CGR02,1,2006,8,3,N01B,fl,B,1317,10.9,28.9,,45
CGR02,1,2006,8,3,N20B,fl,A,1333,5.6,30.6,,45
CGR02,1,2006,8,3,N20B,fl,B,1302,4,28.9,,50
CGR02,1,2007,8,2,002D,fl,A,1311,4,32.2,,10
CGR02,1,2007,8,2,002D,fl,B,1254,4,31.7,,20
CGR02,1,2007,8,2,001D,fl,A,1241,4,31.7,,40
CGR02,1,2007,8,2,001D,fl,B,1215,4,30,,50
CGR02,1,2007,7,12,0SuB,fl,A,1235,4,26.1,,45
CGR02,1,2007,7,12,0SuB,fl,B,1304,4,26.1,,35
CGR02,1,2007,8,1,004F,fl,A,1438,10.8,32.2,,75
CGR02,1,2007,8,1,004F,fl,B,1422,12.9,32.2,,75
CGR02,1,2007,8,1,020B,fl,A,1411,4,32.2,,75
CGR02,1,2007,8,1,020B,fl,B,1351,12.9,31.1,,65
CGR02,1,2007,8,1,002C,fl,A,1328,4,30,,95
CGR02,1,2007,8,1,002C,fl,B,1315,4,30.6,,90
CGR02,1,2007,8,1,0SpB,fl,A,1253,4,29.4,,90
CGR02,1,2007,8,1,0SpB,fl,B,1235,4,29.4,,90
CGR02,1,2007,8,1,004B,fl,A,1216,10.3,30,,85
CGR02,1,2007,8,1,004B,fl,B,1159,9.7,31.1,,75
CGR02,1,2007,8,1,N20A,fl,A,1027,4,29.4,,20
CGR02,1,2007,8,1,N20A,fl,B,1000,4,28.3,,0
CGR02,1,2007,8,1,N01A,fl,A,1047,4,29.4,,
CGR02,1,2007,8,1,N01A,fl,B,1103,4,30,,85
CGR02,1,2007,8,1,N04A,fl,A,1124,4,30.6,,75
CGR02,1,2007,8,1,N04A,fl,B,1143,8,30.6,,75
CGR02,1,2007,8,1,N04D,fl,A,1453,4,32.2,,50
CGR02,1,2007,8,1,N04D,fl,B,1507,4,32.2,,50
CGR02,1,2007,8,2,N01B,fl,A,1201,4,28.9,,60
CGR02,1,2007,8,2,N01B,fl,B,1145,4,27.8,,80
CGR02,1,2007,8,2,N20B,fl,A,1229,4,31.1,,45
CGR02,1,2007,8,2,N20B,fl,B,1125,10.3,27.8,,50
CGR02,1,2007,7,17,0SuB,fl,A,1500,4,34.4,,0
CGR02,1,2007,7,17,0SuB,fl,B,1525,18,34.4,,0
CGR02,1,2007,8,7,002D,fl,A,1449,4,36.1,,15
CGR02,1,2007,8,7,002D,fl,B,1440,4,35.6,,10
CGR02,1,2007,8,7,001D,fl,A,1430,4,35.6,,10
CGR02,1,2007,8,7,001D,fl,B,1359,11.3,35,,5
CGR02,1,2007,8,7,004F,fl,A,1349,14.5,35.6,,5
CGR02,1,2007,8,7,004F,fl,B,1338,12.9,33.9,,5
CGR02,1,2007,8,7,020B,fl,A,1328,15.3,34.4,,10
CGR02,1,2007,8,7,020B,fl,B,1316,9.7,32.8,,10
CGR02,1,2007,8,7,002C,fl,A,1247,17.7,32.8,,5
CGR02,1,2007,8,7,002C,fl,B,1302,22.5,33.3,,0
CGR02,1,2007,8,7,0SpB,fl,A,1221,8.9,32.8,,30
CGR02,1,2007,8,7,0SpB,fl,B,1200,10.3,32.2,,30
CGR02,1,2007,8,7,004B,fl,A,1142,9.7,32.2,,20
CGR02,1,2007,8,7,004B,fl,B,1126,4,31.1,,10
CGR02,1,2007,8,7,N20A,fl,A,1027,12.9,31.1,,0
CGR02,1,2007,8,7,N20A,fl,B,1011,9.7,31.1,,0
CGR02,1,2007,8,7,N01A,fl,A,1037,4,31.1,,0
CGR02,1,2007,8,7,N01A,fl,B,1048,9.7,32.2,,0
CGR02,1,2007,8,7,N04A,fl,A,1100,4,31.7,,0
CGR02,1,2007,8,7,N04A,fl,B,1114,4,32.2,,0
CGR02,1,2007,8,7,N04D,fl,A,1234,14.5,33.3,,10
CGR02,1,2007,8,7,N04D,fl,B,1212,4,32.8,,30
CGR02,1,2007,8,7,N01B,fl,A,1410,10.5,35,,10
CGR02,1,2007,8,8,N01B,fl,B,1020,8,28.9,,50
CGR02,1,2007,8,7,N20B,fl,A,1420,12.9,36.1,,5
CGR02,1,2007,8,8,N20B,fl,B,1006,9.7,28.3,,50
CGR02,1,2008,8,1,002C,fl,A,1413,4,31.1,,40
CGR02,1,2008,8,1,002C,fl,B,1426,4,31.7,,35
CGR02,1,2008,8,1,0SpB,fl,A,1440,4,32.2,,35
CGR02,1,2008,8,1,0SpB,fl,B,1507,4,31.7,,35
CGR02,1,2008,7,31,004B,fl,A,1513,4,32.2,,0
CGR02,1,2008,7,31,004B,fl,B,1456,4,32.2,,0
CGR02,1,2008,7,31,N20A,fl,A,1345,4,30.6,,0
CGR02,1,2008,7,31,N20A,fl,B,1325,4,30.6,,0
CGR02,1,2008,7,31,N01A,fl,A,1358,4,31.1,,0
CGR02,1,2008,7,31,N01A,fl,B,1413,8,31.7,,0
CGR02,1,2008,7,31,N04A,fl,A,1427,4,31.7,,0
CGR02,1,2008,7,31,N04A,fl,B,1443,8,32.2,,0
CGR02,1,2008,8,1,N04D,fl,A,1400,6,30.6,,25
CGR02,1,2008,8,1,N04D,fl,B,1453,4,31.7,,45
CGR02,1,2008,8,1,N01B,fl,A,1151,4,31.7,,10
CGR02,1,2008,8,1,N01B,fl,B,1033,4,28.3,,0
CGR02,1,2008,8,1,N20B,fl,A,1049,4,30.6,,0
CGR02,1,2008,8,1,N20B,fl,B,1010,4,28.3,,0
CGR02,1,2008,8,11,002D,fl,A,1120,8,26.1,,40
CGR02,1,2008,8,11,002D,fl,B,1132,9.7,26.7,,50
CGR02,1,2008,8,8,001D,fl,A,1516,4,31.7,,15
CGR02,1,2008,8,8,001D,fl,B,1409,4,30.6,,15
CGR02,1,2008,8,8,0SuB,fl,A,1400,4,30.6,,15
CGR02,1,2008,8,8,0SuB,fl,B,1346,4,30.6,,5
CGR02,1,2008,8,8,004F,fl,A,1337,4,30.6,,10
CGR02,1,2008,8,8,004F,fl,B,1320,4,29.4,,5
CGR02,1,2008,8,8,020B,fl,A,1305,4,30.6,,0
CGR02,1,2008,8,8,020B,fl,B,1253,4,30.6,,0
CGR02,1,2008,8,8,002C,fl,A,1230,4,30,,0
CGR02,1,2008,8,8,002C,fl,B,1218,4,29.4,,0
CGR02,1,2008,8,8,0SpB,fl,A,1204,4,30,,0
CGR02,1,2008,8,8,0SpB,fl,B,1141,4,30,,0
CGR02,1,2008,8,8,004B,fl,A,1126,4,30,,0
CGR02,1,2008,8,8,004B,fl,B,1107,4,28.3,,0
CGR02,1,2008,8,5,N20A,fl,A,1323,8.9,32.2,,100
CGR02,1,2008,8,5,N20A,fl,B,1308,6.8,31.1,,100
CGR02,1,2008,8,5,N01A,fl,A,1335,10.5,30.6,,100
CGR02,1,2008,8,5,N01A,fl,B,1347,12.9,30.6,,100
CGR02,1,2008,8,8,N04A,fl,A,1042,4,26.1,,0
CGR02,1,2008,8,8,N04A,fl,B,1051,4,26.7,,0
CGR02,1,2008,8,8,N04D,fl,A,1241,4,30,,0
CGR02,1,2008,8,8,N04D,fl,B,1152,4,30,,0
CGR02,1,2008,8,8,N01B,fl,A,1422,4,30.6,,
CGR02,1,2008,8,8,N01B,fl,B,1440,0,31.7,,15
CGR02,1,2008,8,11,N20B,fl,A,1143,16.1,27.2,,50
CGR02,1,2008,8,11,N20B,fl,B,1200,11.3,28.3,,50
CGR02,1,2008,8,1,002D,fl,A,1132,4,31.1,,5
CGR02,1,2008,8,1,002D,fl,B,1116,4,30.6,,10
CGR02,1,2008,8,1,001D,fl,A,1102,4,30.6,,10
CGR02,1,2008,8,1,001D,fl,B,1205,6.8,33.3,,15
CGR02,1,2008,8,1,0SuB,fl,A,1214,4,32.2,,20
CGR02,1,2008,8,1,0SuB,fl,B,1230,6.8,32.8,,20
CGR02,1,2008,8,1,004F,fl,A,1240,4,32.8,,40
CGR02,1,2008,8,1,004F,fl,B,1258,4,33.3,,50
CGR02,1,2008,8,1,020B,fl,A,1313,4,32.8,,30
CGR02,1,2008,8,1,020B,fl,B,1327,4,32.8,,30
CGR02,1,2009,7,15,0SuB,fl,A,1410,12.10,27.2,,50
CGR02,1,2009,7,15,0SuB,fl,B,1426,12.10,27.2,,50
CGR02,1,2009,7,29,002D,fl,A,1221,4.00,25,,90
CGR02,1,2009,7,29,002D,fl,B,1239,4.00,25.6,,90
CGR02,1,2009,7,29,001D,fl,A,1257,4.00,25.6,,90
CGR02,1,2009,7,29,001D,fl,B,1316,.,25,,100
CGR02,1,2009,7,30,004F,fl,A,1308,14.50,23.3,,10
CGR02,1,2009,7,30,004F,fl,B,1321,17.70,23.3,,5
CGR02,1,2009,7,30,020B,fl,A,1334,16.10,23.9,,5
CGR02,1,2009,7,30,020B,fl,B,1352,13.70,23.9,,5
CGR02,1,2009,7,30,002C,fl,A,1417,13.70,23.9,,5
CGR02,1,2009,7,30,002C,fl,B,1431,11.30,23.9,,10
CGR02,1,2009,7,30,0SpB,fl,A,1445,14.50,24.4,,10
CGR02,1,2009,7,30,0SpB,fl,B,1509,16.10,23.9,,10
CGR02,1,2009,7,31,004B,fl,A,1105,13.70,25.6,,0
CGR02,1,2009,7,31,004B,fl,B,1123,10.50,26.1,,0
CGR02,1,2009,7,31,N20A,fl,A,1224,12.10,27.8,,0
CGR02,1,2009,7,31,N20A,fl,B,1239,9.70,28.9,,0
CGR02,1,2009,7,31,N01A,fl,A,1215,4.00,27.8,,0
CGR02,1,2009,7,31,N01A,fl,B,1202,4.00,27.8,,0
CGR02,1,2009,7,31,N04A,fl,A,1148,4.00,27.8,,0
CGR02,1,2009,7,31,N04A,fl,B,1136,12.10,27.2,,0
CGR02,1,2009,7,30,N04D,fl,A,1404,13.70,24.4,,5
CGR02,1,2009,7,30,N04D,fl,B,1457,15.30,23.9,,10
CGR02,1,2009,7,30,N01B,fl,A,1252,4.00,23.3,,10
CGR02,1,2009,7,30,N01B,fl,B,1231,11.70,22.8,,10
CGR02,1,2009,7,30,N20B,fl,A,1217,9.70,22.8,,10
CGR02,1,2009,7,30,N20B,fl,B,1155,14.50,22.8,,10
CGR02,1,2009,7,22,0SuB,fl,A,1005,9.70,23.3,,0
CGR02,1,2009,7,22,0SuB,fl,B,1020,9.70,23.3,,0
CGR02,1,2009,8,4,002D,fl,A,1205,4.00,29.4,,0
CGR02,1,2009,8,4,002D,fl,B,1221,4.00,30,,0
CGR02,1,2009,8,4,001D,fl,A,1232,.,29.4,,0
CGR02,1,2009,8,4,001D,fl,B,1342,4.00,31.7,,0
CGR02,1,2009,8,4,004F,fl,A,1353,4.00,31.7,,0
CGR02,1,2009,8,4,004F,fl,B,1404,8.90,31.1,,0
CGR02,1,2009,8,4,020B,fl,A,1415,9.70,31.1,,0
CGR02,1,2009,8,4,020B,fl,B,1426,9.70,31.1,,0
CGR02,1,2009,8,6,002C,fl,A,1405,14.50,28.9,,90
CGR02,1,2009,8,6,002C,fl,B,1355,16.10,28.3,,85
CGR02,1,2009,8,6,0SpB,fl,A,1415,16.10,28.9,,100
CGR02,1,2009,8,6,0SpB,fl,B,1430,16.10,29.4,,95
CGR02,1,2009,8,5,004B,fl,A,1524,8.00,30.6,,70
CGR02,1,2009,8,5,004B,fl,B,1508,4.00,30.6,,50
CGR02,1,2009,8,5,N20A,fl,A,1411,4.00,30.6,,40
CGR02,1,2009,8,5,N20A,fl,B,1355,4.00,28.9,,40
CGR02,1,2009,8,5,N01A,fl,A,1421,4.00,30.6,,40
CGR02,1,2009,8,5,N01A,fl,B,1433,9.70,30.6,,40
CGR02,1,2009,8,5,N04A,fl,A,1445,10.50,31.1,,40
CGR02,1,2009,8,5,N04A,fl,B,1458,4.00,31.1,,35
CGR02,1,2009,8,4,N04D,fl,A,1439,9.70,.,,0
CGR02,1,2009,8,4,N04D,fl,B,1453,9.70,32.2,,0
CGR02,1,2009,8,4,N01B,fl,A,1329,4.00,30.6,,0
CGR02,1,2009,8,4,N01B,fl,B,1316,4.00,30,,0
CGR02,1,2009,8,4,N20B,fl,A,1245,4.00,30,,0
CGR02,1,2009,8,4,N20B,fl,B,1302,4.00,30,,0
CGR02,1,2010,8,3,0SuB,fl,A,1104,9.7,33.3,,0
CGR02,1,2010,8,3,0SuB,fl,B,1115,8,32.8,,0
CGR02,1,2010,8,3,002D,fl,A,1229,9.7,35,,0
CGR02,1,2010,8,3,002D,fl,B,1215,9.7,35.6,,0
CGR02,1,2010,8,3,001D,fl,A,1205,4,34.4,,0
CGR02,1,2010,8,3,001D,fl,B,1055,8,32.8,,0
CGR02,1,2010,8,3,004F,fl,A,1127,9.7,33.3,,0
CGR02,1,2010,8,3,004F,fl,B,1138,4,33.9,,0
CGR02,1,2010,8,2,020B,fl,A,1400,12.9,38.9,,0
CGR02,1,2010,8,2,020B,fl,B,1347,14.5,39.4,,0
CGR02,1,2010,8,2,002C,fl,A,1322,16.1,39.4,,0
CGR02,1,2010,8,2,002C,fl,B,1309,19.3,38.3,,0
CGR02,1,2010,8,2,0SpB,fl,A,1256,23.3,37.8,,0
CGR02,1,2010,8,2,0SpB,fl,B,1228,8.9,37.2,,0
CGR02,1,2010,8,2,004B,fl,A,1213,14.5,37.2,,0
CGR02,1,2010,8,2,004B,fl,B,1153,10.5,36.1,,0
CGR02,1,2010,8,2,N20A,fl,A,1054,16.1,35,,0
CGR02,1,2010,8,2,N20A,fl,B,1008,12.9,33.9,,0
CGR02,1,2010,8,2,N01A,fl,A,1105,20.9,35,,0
CGR02,1,2010,8,2,N01A,fl,B,1037,12.9,33.9,,0
CGR02,1,2010,8,2,N04A,fl,A,1122,10.5,35.6,,0
CGR02,1,2010,8,2,N04A,fl,B,1138,22.5,36.1,,0
CGR02,1,2010,8,2,N04D,fl,A,1333,16.1,39.4,,0
CGR02,1,2010,8,2,N04D,fl,B,1243,12.9,38.3,,0
CGR02,1,2010,8,3,N01B,fl,A,1042,17.7,33.9,,0
CGR02,1,2010,8,3,N01B,fl,B,1028,17.7,32.2,,0
CGR02,1,2010,8,3,N20B,fl,A,1154,9.7,34.4,,0
CGR02,1,2010,8,3,N20B,fl,B,1017,16.1,32.2,,0
CGR02,1,2010,8,10,0SuB,fl,A,1043,12.9,33.9,,0
CGR02,1,2010,8,10,0SuB,fl,B,1053,16.1,34.4,,0
CGR02,1,2010,8,10,002D,fl,A,1149,14.5,37.2,,0
CGR02,1,2010,8,10,002D,fl,B,1138,11.3,35,,0
CGR02,1,2010,8,10,001D,fl,A,1128,10.5,35.6,,0
CGR02,1,2010,8,10,001D,fl,B,1034,12.9,33.9,,0
CGR02,1,2010,8,10,004F,fl,A,1102,14.5,33.9,,0
CGR02,1,2010,8,10,004F,fl,B,1113,17.7,35,,0
CGR02,1,2010,8,9,020B,fl,A,1326,11.3,38.9,,5
CGR02,1,2010,8,9,020B,fl,B,1314,19.3,38.9,,5
CGR02,1,2010,8,9,002C,fl,A,1252,9.7,38.9,,0
CGR02,1,2010,8,9,002C,fl,B,1237,11.3,37.2,,0
CGR02,1,2010,8,9,0SpB,fl,A,1226,12.9,37.2,,0
CGR02,1,2010,8,9,0SpB,fl,B,1203,8,37.2,,0
CGR02,1,2010,8,9,004B,fl,A,1150,4,37.2,,0
CGR02,1,2010,8,9,004B,fl,B,1119,9.7,34.4,,0
CGR02,1,2010,8,9,N20A,fl,A,1051,4,33.9,,0
CGR02,1,2010,8,9,N20A,fl,B,1015,9.7,33.3,,0
CGR02,1,2010,8,9,N01A,fl,A,1043,9.7,33.9,,0
CGR02,1,2010,8,9,N01A,fl,B,1031,8,33.3,,0
CGR02,1,2010,8,9,N04A,fl,A,1133,11.3,36.7,,0
CGR02,1,2010,8,9,N04A,fl,B,1109,11.3,36.1,,0
CGR02,1,2010,8,9,N04D,fl,A,1303,12.9,38.9,,0
CGR02,1,2010,8,9,N04D,fl,B,1215,8,37.8,,0
CGR02,1,2010,8,9,N01B,fl,A,1338,16.1,38.9,,5
CGR02,1,2010,8,10,N01B,fl,B,1019,16.1,32.8,,0
CGR02,1,2010,8,9,N20B,fl,A,1352,16.1,40.6,,0
CGR02,1,2010,8,10,N20B,fl,B,1006,16.1,32.8,,0
CGR02,1,2011,7,25,002D,fl,A,1127,4.4,30.6,,0
CGR02,1,2011,7,25,002D,fl,B,1112,1.3,30,,0
CGR02,1,2011,7,25,001D,fl,A,1054,3.5,30,,0
CGR02,1,2011,7,25,001D,fl,B,1158,3.9,31.1,,0
CGR02,1,2011,7,25,N20B,fl,A,1042,0.6,30,,0
CGR02,1,2011,7,25,N20B,fl,B,1010,2.6,28.9,,0
CGR02,1,2011,7,25,N01B,fl,A,1145,0.5,31.1,,0
CGR02,1,2011,7,25,N01B,fl,B,1025,0,29.4,,0
CGR02,1,2011,7,25,002C,fl,A,1327,6.9,33.9,,0
CGR02,1,2011,7,25,002C,fl,B,1340,2.1,33.9,,0
CGR02,1,2011,7,25,0SpB,fl,A,1354,5.8,33.9,,0
CGR02,1,2011,7,25,0SpB,fl,B,1415,5.8,33.9,,0
CGR02,1,2011,7,26,004B,fl,A,1129,8.4,33.9,,0
CGR02,1,2011,7,26,004B,fl,B,1116,8.9,33.9,,0
CGR02,1,2011,7,26,N04A,fl,A,1054,10.5,33.9,,0
CGR02,1,2011,7,26,N04A,fl,B,1106,10.1,33.9,,0
CGR02,1,2011,7,26,N01A,fl,A,1041,7.2,33.3,,0
CGR02,1,2011,7,26,N01A,fl,B,1021,6.3,32.2,,0
CGR02,1,2011,7,26,N20A,fl,A,1034,7.6,33.3,,0
CGR02,1,2011,7,26,N20A,fl,B,1007,8.2,32.2,,0
CGR02,1,2011,7,11,0SuB,fl,A,1210,9.7,33.9,,5
CGR02,1,2011,7,11,0SuB,fl,B,1228,8.2,35,,5
CGR02,1,2011,7,25,004F,fl,A,1212,2.1,31.7,,0
CGR02,1,2011,7,25,004F,fl,B,1224,3.7,31.7,,2
CGR02,1,2011,7,25,020B,fl,A,1250,7.9,33.3,,0
CGR02,1,2011,7,25,020B,fl,B,1302,1.3,33.3,,0
CGR02,1,2011,7,25,N04D,fl,A,1313,5.5,33.9,,0
CGR02,1,2011,7,25,N04D,fl,B,1404,6.4,33.3,,0
CGR02,1,2011,8,1,002D,fl,A,1008,8,33.9,,0
CGR02,1,2011,8,1,002D,fl,B,1022,12.1,34.4,,0
CGR02,1,2011,8,1,001D,fl,A,1033,10.5,35,,0
CGR02,1,2011,8,1,001D,fl,B,1131,8,37.8,,0
CGR02,1,2011,8,1,N20B,fl,A,1044,12.4,35,,0
CGR02,1,2011,8,1,N20B,fl,B,1106,5.8,36.1,,0
CGR02,1,2011,8,1,N01B,fl,A,1121,6.3,37.8,,0
CGR02,1,2011,8,1,N01B,fl,B,1058,8.9,36.1,,0
CGR02,1,2011,8,2,002C,fl,A,1159,19.3,41.7,,0
CGR02,1,2011,8,2,002C,fl,B,1210,16.3,41.1,,0
CGR02,1,2011,8,2,0SpB,fl,A,1149,13.8,41.7,,0
CGR02,1,2011,8,2,0SpB,fl,B,1138,15.4,40,,0
CGR02,1,2011,8,2,004B,fl,A,1126,13.4,38.3,,0
CGR02,1,2011,8,2,004B,fl,B,1112,18.9,38.3,,0
CGR02,1,2011,8,2,N04A,fl,A,1049,13.9,37.2,,0
CGR02,1,2011,8,2,N04A,fl,B,1102,11.7,38.3,,0
CGR02,1,2011,8,2,N01A,fl,A,1036,10.2,35.6,,0
CGR02,1,2011,8,2,N01A,fl,B,1012,11.7,35.6,,0
CGR02,1,2011,8,2,N20A,fl,A,1026,10.7,36.1,,0
CGR02,1,2011,8,2,N20A,fl,B,958,15.3,35,,0
CGR02,1,2011,7,18,0SuB,fl,A,1004,11.7,32.8,,0
CGR02,1,2011,7,18,0SuB,fl,B,1022,13,33.3,,0
CGR02,1,2011,8,1,004F,fl,A,1142,9.5,38.3,,0
CGR02,1,2011,8,1,004F,fl,B,1155,10.9,39.4,,0
CGR02,1,2011,8,1,020B,fl,A,1204,8.9,38.9,,0
CGR02,1,2011,8,1,020B,fl,B,1215,4,38.9,,0
CGR02,1,2011,8,1,N04D,fl,A,1224,4.1,38.9,,0
CGR02,1,2011,8,1,N04D,fl,B,1236,5.3,40,,0
CGR02,1,2012,7,16,0SuB,fl,A,1210,14.20,32.2,,40
CGR02,1,2012,7,16,0SuB,fl,B,1224,13.80,32.2,,50
CGR02,1,2012,7,16,004F,fl,A,1237,12.20,32.2,,50
CGR02,1,2012,7,16,004F,fl,B,1249,8.00,32.8,,50
CGR02,1,2012,7,16,020B,fl,A,1305,6.80,32.8,,50
CGR02,1,2012,7,16,020B,fl,B,1315,8.00,32.8,,60
CGR02,1,2012,7,16,N04D,fl,A,1321,17.10,32.8,,60
CGR02,1,2012,7,16,N04D,fl,B,1342,11.90,33.9,,60
CGR02,1,2012,7,16,002D,fl,A,1106,3.20,31.7,,35
CGR02,1,2012,7,16,002D,fl,B,1120,4.80,31.7,,40
CGR02,1,2012,7,16,001D,fl,A,1132,8.70,31.7,,40
CGR02,1,2012,7,16,001D,fl,B,1159,10.30,32.2,,40
CGR02,1,2012,7,16,N20B,fl,A,1049,3.50,29.4,,40
CGR02,1,2012,7,16,N20B,fl,B,1010,17.40,29.4,,50
CGR02,1,2012,7,16,N01B,fl,A,1147,2.60,32.2,,40
CGR02,1,2012,7,16,N01B,fl,B,1026,.,29.4,,50
CGR02,1,2012,7,17,N01A,fl,A,1025,18.70,32.8,,0
CGR02,1,2012,7,17,N01A,fl,B,1035,18.30,32.8,,0
CGR02,1,2012,7,17,N20A,fl,A,1014,16.40,32.8,,0
CGR02,1,2012,7,17,N20A,fl,B,1000,5.80,32.2,,0
CGR02,1,2012,7,16,0SpB,fl,A,1352,17.70,33.9,,60
CGR02,1,2012,7,16,0SpB,fl,B,1405,15.80,32.8,,55
CGR02,1,2012,7,16,002C,fl,A,1419,11.90,33.9,,60
CGR02,1,2012,7,16,002C,fl,B,1429,13.50,33.9,,50
CGR02,1,2012,7,17,004B,fl,A,1125,16.70,35.6,,0
CGR02,1,2012,7,17,004B,fl,B,1112,12.60,33.9,,0
CGR02,1,2012,7,17,N04A,fl,A,1048,19.30,33.9,,0
CGR02,1,2012,7,17,N04A,fl,B,1101,10.00,33.9,,0
CGR02,1,2012,7,23,0SuB,fl,A,1155,9.00,38.3,,0
CGR02,1,2012,7,23,0SuB,fl,B,1206,17.40,38.3,,0
CGR02,1,2012,7,23,004F,fl,A,1218,4.80,37.8,,0
CGR02,1,2012,7,23,004F,fl,B,1231,8.40,39.4,,0
CGR02,1,2012,7,23,020B,fl,A,1250,9.70,38.3,,0
CGR02,1,2012,7,23,020B,fl,B,1301,3.20,38.9,,0
CGR02,1,2012,7,23,N04D,fl,A,1313,3.50,39.4,,0
CGR02,1,2012,7,23,N04D,fl,B,1346,6.80,39.4,,0
CGR02,1,2012,7,23,002D,fl,A,1115,3.50,37.2,,0
CGR02,1,2012,7,23,002D,fl,B,1102,10.30,36.7,,0
CGR02,1,2012,7,23,001D,fl,A,1049,11.60,36.7,,0
CGR02,1,2012,7,23,001D,fl,B,1149,3.20,37.2,,0
CGR02,1,2012,7,23,N20B,fl,A,1039,8.00,36.7,,0
CGR02,1,2012,7,23,N20B,fl,B,1006,11.30,34.4,,0
CGR02,1,2012,7,23,N01B,fl,A,1133,5.50,37.8,,0
CGR02,1,2012,7,23,N01B,fl,B,1024,9.00,35,,0
CGR02,1,2012,7,23,002C,fl,A,1325,5.50,38.9,,0
CGR02,1,2012,7,23,002C,fl,B,1410,4.80,40,,0
CGR02,1,2012,7,23,0SpB,fl,A,1338,11.90,39.4,,0
CGR02,1,2012,7,23,0SpB,fl,B,1357,8.00,38.9,,0
CGR02,1,2012,7,24,004B,fl,A,1127,16.70,36.1,,0
CGR02,1,2012,7,24,004B,fl,B,1111,16.70,35,,0
CGR02,1,2012,7,24,N04A,fl,A,1046,20.30,36.1,,0
CGR02,1,2012,7,24,N04A,fl,B,1101,17.40,36.1,,0
CGR02,1,2012,7,24,N01A,fl,A,1033,10.30,35,,0
CGR02,1,2012,7,24,N01A,fl,B,1011,10.90,33.9,,0
CGR02,1,2012,7,24,N20A,fl,A,1023,16.40,35,,0
CGR02,1,2012,7,24,N20A,fl,B,1000,11.90,32.8,,0
CGR02,1,2013,8,2,002d,fl,A,1341,4.57,32.78,,60
CGR02,1,2013,8,2,002d,fl,B,1329,0.29,31.67,,60
CGR02,1,2013,8,2,001d,fl,A,1317,3.80,31.11,,70
CGR02,1,2013,8,2,001d,fl,B,1252,5.76,30.00,,40
CGR02,1,2013,8,2,n20b,fl,A,1358,0.00,31.11,,70
CGR02,1,2013,8,2,n20b,fl,B,1422,6.50,31.67,,70
CGR02,1,2013,8,2,n01b,fl,A,1304,3.93,30.56,,50
CGR02,1,2013,8,2,n01b,fl,B,1412,3.54,31.67,,80
CGR02,1,2013,8,2,0sub,fl,A,1242,3.28,30.56,,40
CGR02,1,2013,8,2,0sub,fl,B,1230,5.15,30.56,,0
CGR02,1,2013,8,2,004f,fl,A,1220,5.63,31.11,,0
CGR02,1,2013,8,2,004f,fl,B,1208,14.39,31.11,,0
CGR02,1,2013,8,2,020b,fl,A,1140,10.88,28.89,,0
CGR02,1,2013,8,2,020b,fl,B,1154,10.59,30.56,,0
CGR02,1,2013,8,1,n04d,fl,A,1331,8.01,32.78,,5
CGR02,1,2013,8,1,n04d,fl,B,1440,6.69,33.33,,15
CGR02,1,2013,8,1,002c,fl,A,1425,5.92,32.22,,5
CGR02,1,2013,8,1,002c,fl,B,1405,3.83,30.56,,5
CGR02,1,2013,8,1,0spb,fl,A,1350,6.53,31.67,,5
CGR02,1,2013,8,1,0spb,fl,B,1320,5.44,31.67,,5
CGR02,1,2013,8,1,004b,fl,A,1303,2.32,30.56,,10
CGR02,1,2013,8,1,004b,fl,B,1246,7.69,31.67,,5
CGR02,1,2013,8,1,n04a,fl,A,1217,4.83,30.56,,5
CGR02,1,2013,8,1,n04a,fl,B,1234,3.89,31.11,,10
CGR02,1,2013,8,1,n01a,fl,A,1202,2.41,28.89,,5
CGR02,1,2013,8,1,n01a,fl,B,1134,4.25,28.89,,5
CGR02,1,2013,8,1,n20a,fl,A,1152,2.90,28.89,,5
CGR02,1,2013,8,1,n20a,fl,B,1114,4.06,28.89,,0
CGR02,1,2013,8,13,002d,fl,A,1238,8.72,26.11,,40
CGR02,1,2013,8,13,002d,fl,B,1227,7.44,26.11,,50
CGR02,1,2013,8,13,001d,fl,A,1217,8.95,26.11,,50
CGR02,1,2013,8,13,001d,fl,B,1118,13.07,27.22,,50
CGR02,1,2013,8,13,n20b,fl,A,1208,7.79,26.11,,50
CGR02,1,2013,8,13,n20b,fl,B,1038,11.52,25.00,,0
CGR02,1,2013,8,13,n01b,fl,A,1108,11.30,26.11,,5
CGR02,1,2013,8,13,n01b,fl,B,1053,10.65,25.00,,0
CGR02,1,2013,8,13,0sub,fl,A,1124,13.07,26.67,,50
CGR02,1,2013,8,13,0sub,fl,B,1134,11.49,26.67,,50
CGR02,1,2013,8,13,004f,fl,A,1154,12.59,27.78,,50
CGR02,1,2013,8,13,004f,fl,B,1145,14.00,27.22,,50
CGR02,1,2013,8,12,020b,fl,A,1457,3.15,30.56,,15
CGR02,1,2013,8,12,020b,fl,B,1448,5.63,28.33,,20
CGR02,1,2013,8,12,n04d,fl,A,1440,7.79,28.33,,20
CGR02,1,2013,8,12,n04d,fl,B,1405,7.66,28.89,,30
CGR02,1,2013,8,12,002c,fl,A,1431,3.77,30.00,,15
CGR02,1,2013,8,12,002c,fl,B,1422,5.60,27.78,,20
CGR02,1,2013,8,12,0spb,fl,A,1412,5.50,29.44,,15
CGR02,1,2013,8,12,0spb,fl,B,1355,6.05,28.89,,30
CGR02,1,2013,8,12,004b,fl,A,1344,5.28,27.78,,20
CGR02,1,2013,8,12,004b,fl,B,1333,3.67,30.00,,30
CGR02,1,2013,8,12,n04a,fl,A,1315,4.15,27.78,,50
CGR02,1,2013,8,12,n04a,fl,B,1324,4.28,29.44,,.
CGR02,1,2013,8,12,n01a,fl,A,1305,0.10,28.33,,50
CGR02,1,2013,8,12,n01a,fl,B,1248,1.71,27.78,,20
CGR02,1,2013,8,12,n20a,fl,A,1257,4.67,27.78,,50
CGR02,1,2013,8,12,n20a,fl,B,1230,1.67,26.11,,10
CGR02,1,2014,7,28,002d,fl,A,1450,7.46,30.00,,0
CGR02,1,2014,7,28,002d,fl,B,1440,6.38,29.45,,0
CGR02,1,2014,7,28,001d,fl,A,1333,6.32,27.22,,0
CGR02,1,2014,7,28,001d,fl,B,1430,6.26,28.34,,0
CGR02,1,2014,7,28,n20b,fl,A,1422,2.92,29.45,,0
CGR02,1,2014,7,28,n20b,fl,B,1407,7.14,27.78,,10
CGR02,1,2014,7,28,n01b,fl,A,1345,4.78,28.34,,5
CGR02,1,2014,7,28,n01b,fl,B,1359,3.54,28.34,,5
CGR02,1,2014,7,9,0sub,fl,A,1020,0.74,26.67,,0
CGR02,1,2014,7,9,0sub,fl,B,1036,2.46,28.34,,0
CGR02,1,2014,7,28,004f,fl,A,1323,8.58,27.78,,0
CGR02,1,2014,7,28,004f,fl,B,1308,5.68,27.22,,0
CGR02,1,2014,7,28,020b,fl,A,1258,6.5,26.67,,5
CGR02,1,2014,7,28,020b,fl,B,1247,0,26.67,,10
CGR02,1,2014,7,28,n04d,fl,A,1235,0,27.22,,10
CGR02,1,2014,7,28,n04d,fl,B,1151,6.96,26.67,,10
CGR02,1,2014,7,28,002c,fl,A,1226,6.78,27.78,,10
CGR02,1,2014,7,28,002c,fl,B,1211,2.62,27.78,,10
CGR02,1,2014,7,28,0spb,fl,A,1201,8.48,27.22,,10
CGR02,1,2014,7,28,0spb,fl,B,1137,5.54,26.67,,20
CGR02,1,2014,7,28,004b,fl,A,1123,6.26,25.56,,30
CGR02,1,2014,7,28,004b,fl,B,1109,5.32,24.45,,10
CGR02,1,2014,7,28,n04a,fl,A,1045,6.62,24.45,,10
CGR02,1,2014,7,28,n04a,fl,B,1058,5.46,24.45,,20
CGR02,1,2014,7,28,n01a,fl,A,1031,1.46,23.89,,10
CGR02,1,2014,7,28,n01a,fl,B,1013,1.68,25.00,,20
CGR02,1,2014,7,28,n20a,fl,A,1023,1.06,23.34,,10
CGR02,1,2014,7,28,n20a,fl,B,1000,4.8,23.34,,10
CGR02,1,2014,8,4,002d,fl,A,1442,8.08,35.00,,5
CGR02,1,2014,8,4,002d,fl,B,1432,4.72,34.45,,5
CGR02,1,2014,8,4,001d,fl,A,1423,10.92,33.89,,5
CGR02,1,2014,8,4,001d,fl,B,1326,7.38,32.22,,10
CGR02,1,2014,8,4,n20b,fl,A,1413,11.3,33.89,,5
CGR02,1,2014,8,4,n20b,fl,B,1357,9.82,32.78,,5
CGR02,1,2014,8,4,n01b,fl,A,1337,5.48,32.22,,10
CGR02,1,2014,8,4,n01b,fl,B,1349,6.04,33.89,,5
CGR02,1,2014,7,21,0sub,fl,A,1041,8.24,30.56,,35
CGR02,1,2014,7,21,0sub,fl,B,1025,11.02,29.45,,20
CGR02,1,2014,8,4,004f,fl,A,1317,8.94,32.22,,20
CGR02,1,2014,8,4,004f,fl,B,1306,9.14,31.67,,20
CGR02,1,2014,8,4,020b,fl,A,1255,12.52,31.11,,20
CGR02,1,2014,8,4,020b,fl,B,1245,7.56,31.11,,20
CGR02,1,2014,8,4,n04d,fl,A,1235,7.76,30.56,,30
CGR02,1,2014,8,4,n04d,fl,B,1153,8.54,29.45,,90
CGR02,1,2014,8,4,002c,fl,A,1225,8.98,30.56,,40
CGR02,1,2014,8,4,002c,fl,B,1213,6.58,28.89,,80
CGR02,1,2014,8,4,0spb,fl,A,1203,10.52,29.45,,90
CGR02,1,2014,8,4,0spb,fl,B,1143,9.98,28.89,,90
CGR02,1,2014,8,4,004b,fl,A,1129,7.62,28.34,,60
CGR02,1,2014,8,4,004b,fl,B,1114,7.88,29.45,,60
CGR02,1,2014,8,4,n04a,fl,A,1050,7.96,28.34,,50
CGR02,1,2014,8,4,n04a,fl,B,1104,9.62,29.45,,50
CGR02,1,2014,8,4,n01a,fl,A,1028,4.6,27.78,,80
CGR02,1,2014,8,4,n01a,fl,B,1021,6.28,26.67,,90
CGR02,1,2014,8,4,n20a,fl,A,1041,11.02,26.67,,80
CGR02,1,2014,8,4,n20a,fl,B,1002,5.36,27.78,,90
CGR02,1,2015,7,30,002d,fl,A,1151,5.72,28.89,,10
CGR02,1,2015,7,30,002d,fl,B,1200,4.2,29.45,,10
CGR02,1,2015,7,30,001d,fl,A,1207,4.76,28.89,,10
CGR02,1,2015,7,30,001d,fl,B,1253,4.22,28.89,,5
CGR02,1,2015,7,30,n20b,fl,A,1215,5.06,28.89,,5
CGR02,1,2015,7,30,n20b,fl,B,1227,3.9,28.89,,5
CGR02,1,2015,7,30,n01b,fl,A,1244,1.6,30,,20
CGR02,1,2015,7,30,n01b,fl,B,1234,2.32,28.89,,5
CGR02,1,2015,7,30,0sub,fl,A,1259,2.86,29.45,,20
CGR02,1,2015,7,30,0sub,fl,B,1306,5.32,28.89,,30
CGR02,1,2015,7,30,004f,fl,A,1313,2.44,30,,40
CGR02,1,2015,7,30,004f,fl,B,1324,2.38,30.56,,40
CGR02,1,2015,7,30,020b,fl,A,1329,1.68,29.45,,30
CGR02,1,2015,7,30,020b,fl,B,1336,3.1,30,,30
CGR02,1,2015,7,30,n04d,fl,A,1344,2.76,29.45,,30
CGR02,1,2015,7,30,n04d,fl,B,1425,2.52,30,,80 
CGR02,1,2015,7,30,002c,fl,A,1353,1.8,30,,30
CGR02,1,2015,7,30,002c,fl,B,1401,2.82,30,,40
CGR02,1,2015,7,30,0spb,fl,A,1410,5.02,30.56,,50
CGR02,1,2015,7,30,0spb,fl,B,1428,3,30,,80
CGR02,1,2015,7,30,004b,fl,A,1438,2.54,31.67,,80
CGR02,1,2015,7,30,004b,fl,B,1450,3.62,29.45,,90 
CGR02,1,2015,7,31,n04a,fl,A,1040,1,28.89,,0
CGR02,1,2015,7,31,n04a,fl,B,1050,1.02,30,,0
CGR02,1,2015,7,31,n01a,fl,A,1025,4.06,27.78,,0
CGR02,1,2015,7,31,n01a,fl,B,1015,1.34,26.11,,0
CGR02,1,2015,7,31,n20a,fl,A,1031,3.3,27.78,,0
CGR02,1,2015,7,31,n20a,fl,B,1001,2.34,26.11,,0
CGR02,1,2015,8,4,002d,fl,A,1320,7.58,32.78,,80
CGR02,1,2015,8,4,002d,fl,B,1332,6.88,33.89,,80
CGR02,1,2015,8,7,001d,fl,A,1044,3.6,28.89,,30
CGR02,1,2015,8,7,001d,fl,B,1106,3.26,30,,60
CGR02,1,2015,8,7,n20b,fl,A,1033,3.6,28.89,,30
CGR02,1,2015,8,7,n20b,fl,B,1007,2.26,30.56,,10
CGR02,1,2015,8,7,n01b,fl,A,1056,2.38,30,,60
CGR02,1,2015,8,7,n01b,fl,B,1020,2.4,30.56,,10
CGR02,1,2015,8,7,0sub,fl,A,1119,4.42,30,,50
CGR02,1,2015,8,7,0sub,fl,B,1129,4.64,29.45,,50
CGR02,1,2015,8,7,004f,fl,A,1139,4.02,29.45,,50
CGR02,1,2015,8,7,004f,fl,B,1150,4.6,30,,40
CGR02,1,2015,8,7,020b,fl,A,1202,3.88,30,,40
CGR02,1,2015,8,7,020b,fl,B,1212,3.58,30,,40
CGR02,1,2015,8,7,n04d,fl,A,1225,2.52,30,,40
CGR02,1,2015,8,7,n04d,fl,B,1310,3.18,30,,5
CGR02,1,2015,8,7,002c,fl,A,1237,3.42,29.45,,20
CGR02,1,2015,8,7,002c,fl,B,1249,3.6,29.45,,10
CGR02,1,2015,8,7,0spb,fl,A,1301,3.02,30,,5
CGR02,1,2015,8,7,0spb,fl,B,1319,4.88,30,,5
CGR02,1,2015,8,7,004b,fl,A,1333,3.02,31.11,,5
CGR02,1,2015,8,7,004b,fl,B,1354,3.64,33.89,,5
CGR02,1,2015,8,7,n04a,fl,A,1406,2.16,35,,5
CGR02,1,2015,8,7,n04a,fl,B,1344,1.18,33.34,,5
CGR02,1,2015,8,7,n01a,fl,A,1426,2.14,35.56,,5
CGR02,1,2015,8,7,n01a,fl,B,1417,1.72,35.56,,5
CGR02,1,2015,8,7,n20a,fl,A,1435,5.4,35.56,,5
CGR02,1,2015,8,7,n20a,fl,B,1447,1.88,33.89,,5
CGR02,1,2016,8,3,002d,fl,A,1402,5.06,35.56,,0
CGR02,1,2016,8,3,002d,fl,B,1353,5.06,35.56,,0
CGR02,1,2016,8,3,001d,fl,A,1345,6.02,35.56,,0
CGR02,1,2016,8,3,001d,fl,B,1250,6.6,33.34,,0
CGR02,1,2016,8,3,n20b,fl,A,1333,8.8,35,,0
CGR02,1,2016,8,3,n20b,fl,B,1322,7.18,34.45,,0
CGR02,1,2016,8,3,n01b,fl,A,1301,8.84,32.78,,0
CGR02,1,2016,8,3,n01b,fl,B,1314,6.82,34.45,,0
CGR02,1,2016,7,5,0sub,fl,A,1042,7.58,32.22,,5
CGR02,1,2016,7,5,0sub,fl,B,1017,6.98,32.22,,5
CGR02,1,2016,8,3,004f,fl,A,1239,6.96,33.34,,0
CGR02,1,2016,8,3,004f,fl,B,1229,7.22,33.34,,0
CGR02,1,2016,8,3,020b,fl,A,1218,9.4,33.34,,0
CGR02,1,2016,8,3,020b,fl,B,1209,4.1,33.34,,0
CGR02,1,2016,8,3,n04d,fl,A,1156,8.08,32.78,,0
CGR02,1,2016,8,3,n04d,fl,B,1056,5.9,30.56,,0
CGR02,1,2016,8,3,002c,fl,A,1146,8.18,32.22,,0
CGR02,1,2016,8,3,002c,fl,B,1026,5.34,29.45,,0
CGR02,1,2016,8,3,0spb,fl,A,1044,6.6,31.11,,0
CGR02,1,2016,8,3,0spb,fl,B,1104,7.38,30.56,,0
CGR02,1,2016,8,3,004b,fl,A,1115,7.62,31.67,,0
CGR02,1,2016,8,3,004b,fl,B,1131,4.02,32.22,,0
CGR02,1,2016,8,1,n04a,fl,A,1121,14.56,27.78,,0
CGR02,1,2016,8,1,n04a,fl,B,1139,11.98,28.89,,0
CGR02,1,2016,8,1,n01a,fl,A,1054,14.46,27.78,,0
CGR02,1,2016,8,1,n01a,fl,B,1031,11.5,27.22,,0
CGR02,1,2016,8,1,n20a,fl,A,1104,13.58,27.22,,0
CGR02,1,2016,8,1,n20a,fl,B,1016,12.2,27.78,,0
CGR02,1,2016,8,9,002d,fl,A,1315,5.46,33.89,,0
CGR02,1,2016,8,9,002d,fl,B,1304,3.32,33.34,,0
CGR02,1,2016,8,9,001d,fl,A,1256,3.68,33.34,,0
CGR02,1,2016,8,9,001d,fl,B,1210,3.6,29.45,,0
CGR02,1,2016,8,9,n20b,fl,A,1248,5.18,32.78,,0
CGR02,1,2016,8,9,n20b,fl,B,1238,1.52,29.45,,0
CGR02,1,2016,8,9,n01b,fl,A,1219,4.28,29.45,,0
CGR02,1,2016,8,9,n01b,fl,B,1230,3.26,31.11,,0
CGR02,1,2016,7,14,0sub,fl,A,1423,0.92,28.34,,70
CGR02,1,2016,7,14,0sub,fl,B,1401,2.52,27.22,,70
CGR02,1,2016,8,9,004f,fl,A,1202,5.84,30,,0
CGR02,1,2016,8,9,004f,fl,B,1155,2.82,28.89,,0
CGR02,1,2016,8,9,020b,fl,A,1143,8.6,29.45,,0
CGR02,1,2016,8,9,020b,fl,B,1125,3.06,30,,0
CGR02,1,2016,8,9,n04d,fl,A,1115,2.82,29.45,,0
CGR02,1,2016,8,9,n04d,fl,B,1030,3.24,29.45,,0
CGR02,1,2016,8,9,002c,fl,A,1109,5.48,30,,0
CGR02,1,2016,8,9,002c,fl,B,1052,4.08,30,,0
CGR02,1,2016,8,9,0spb,fl,A,1040,2.76,28.89,,0
CGR02,1,2016,8,9,0spb,fl,B,1021,6.34,29.45,,0
CGR02,1,2016,8,8,004b,fl,A,1501,5.2,27.22,,100
CGR02,1,2016,8,8,004b,fl,B,1450,3,27.78,,100
CGR02,1,2016,8,8,n04a,fl,A,1431,1.32,27.22,,100
CGR02,1,2016,8,8,n04a,fl,B,1442,3.18,28.34,,100
CGR02,1,2016,8,8,n01a,fl,A,1421,4.54,27.78,,100
CGR02,1,2016,8,8,n01a,fl,B,1403,1.82,27.22,,100
CGR02,1,2016,8,8,n20a,fl,A,1415,5.28,27.78,,100
CGR02,1,2016,8,8,n20a,fl,B,1353,3.18,26.11,,100
CGR02,1,2016,9,21,0sub,fl,A,1302,8.58,32.78,,40
CGR02,1,2016,9,21,0sub,fl,B,1248,12.06,32.22,,40
CGR02,1,2017,8,1,002d,fl,a,1415,2.9,28,,70
CGR02,1,2017,8,1,002d,fl,b,1406,5.5,27,,60
CGR02,1,2017,8,1,001d,fl,a,1357,8.7,27,,50
CGR02,1,2017,8,1,001d,fl,b,1314,5.4,29,,50
CGR02,1,2017,8,1,n20b,fl,a,1350,3.0,27,,50
CGR02,1,2017,8,1,n20b,fl,b,1340,4.3,29,,50
CGR02,1,2017,8,1,n01b,fl,a,1322,4.3,30,,50
CGR02,1,2017,8,1,n01b,fl,b,1334,7.0,29,,50
CGR02,1,2017,8,1,0sub,fl,a,1306,2.1,29,,50
CGR02,1,2017,8,1,0sub,fl,b,1259,6.1,28,,50
CGR02,1,2017,8,1,004f,fl,a,1252,9.2,28,,50
CGR02,1,2017,8,1,004f,fl,b,1245,2.2,28,,50
CGR02,1,2017,8,1,020b,fl,a,1237,6.3,28,,50
CGR02,1,2017,8,1,020b,fl,b,1229,6.9,28,,50
CGR02,1,2017,8,1,n04d,fl,a,1219,0.9,28,,50
CGR02,1,2017,8,1,n04d,fl,b,1142,3.8,28,,50
CGR02,1,2017,8,1,002c,fl,a,1209,7.3,28,,40
CGR02,1,2017,8,1,002c,fl,b,1200,6.4,29,,40
CGR02,1,2017,8,1,0spb,fl,a,1149,3.7,28,,50
CGR02,1,2017,8,1,0spb,fl,b,1135,3.4,27,,50
CGR02,1,2017,8,1,004b,fl,a,1124,2.6,27,,40
CGR02,1,2017,8,1,004b,fl,b,1109,3.8,27,,20
CGR02,1,2017,8,1,n04a,fl,a,1047,0.3,26,,0
CGR02,1,2017,8,1,n04a,fl,b,1100,1.5,27,,0
CGR02,1,2017,8,1,n01a,fl,a,1029,3.3,25,,0
CGR02,1,2017,8,1,n01a,fl,b,1019,2.4,24,,0
CGR02,1,2017,8,1,n20a,fl,a,1037,3.0,24,,0
CGR02,1,2017,8,1,n20a,fl,b,958,0.0,23,,0
CGR02,1,2017,8,8,002d,fl,a,1129,4.9,24,,50
CGR02,1,2017,8,8,002d,fl,b,1118,1.9,25,,50
CGR02,1,2017,8,8,001d,fl,a,1103,3.4,24,,40
CGR02,1,2017,8,8,001d,fl,b,1050,5.3,24,,20
CGR02,1,2017,8,8,n20b,fl,a,1027,4.3,23,,0
CGR02,1,2017,8,8,n20b,fl,b,1007,9.2,23,,0
CGR02,1,2017,8,8,n01b,fl,a,1040,4.8,23,,0
CGR02,1,2017,8,8,n01b,fl,b,1016,2.6,23,,0
CGR02,1,2017,8,7,0sub,fl,a,1422,8.4,24,,100
CGR02,1,2017,8,7,0sub,fl,b,1414,4.5,24,,100
CGR02,1,2017,8,7,004f,fl,a,1407,7.8,24,,100
CGR02,1,2017,8,7,004f,fl,b,1359,14.1,25,,100
CGR02,1,2017,8,7,020b,fl,a,1349,8.6,23,,100
CGR02,1,2017,8,7,020b,fl,b,1341,6.6,23,,100
CGR02,1,2017,8,7,n04d,fl,a,1330,10.3,23,,100
CGR02,1,2017,8,7,n04d,fl,b,1255,7.9,25,,100
CGR02,1,2017,8,7,002c,fl,a,1321,10.7,25,,100
CGR02,1,2017,8,7,002c,fl,b,1313,12.1,25,,100
CGR02,1,2017,8,7,0spb,fl,a,1304,7.7,24,,100
CGR02,1,2017,8,7,0spb,fl,b,1245,10.1,25,,100
CGR02,1,2017,8,7,004b,fl,a,1233,8.9,24,,100
CGR02,1,2017,8,7,004b,fl,b,1218,8.3,26,,100
CGR02,1,2017,8,7,n04a,fl,a,1445,7.4,23,,100
CGR02,1,2017,8,7,n04a,fl,b,1210,9.2,26,,100
CGR02,1,2017,8,7,n01a,fl,a,1155,8.3,26,,100
CGR02,1,2017,8,7,n01a,fl,b,1138,8.9,26,,100
CGR02,1,2017,8,7,n20a,fl,a,1148,9.8,26,,100
CGR02,1,2017,8,7,n20a,fl,b,1124,5.7,24,,100
