Watershed,Hname,Hectares,Acres,Date,Type,Year,Code,Comments
FA,FA,11.089,27.401,11/5/2019,PP,2019,00FA,
FB,FB,10.631,26.27,11/5/2019,PP,2019,00FB,
1D,1D,41.55,102.67,4/15/2019,PP,2019,001D,
2D,2D,48.41,119.62,4/15/2019,PP,2019,002D,
R1B,20D/4H,39.797,98.34,4/15/2019,PP,2019,R01B,
SPA,4C/10A,33.402,82.539,4/15/2019,PP,2019,Sp0A,
SPB,4D/WB,35.74,88.31,4/15/2019,PP,2019,Sp0B,
2C,2C,22.95,56.72,4/15/2019,PP,2019,002C,
WN2A,.,8.9,22,4/5/2019,PP,2019,WN02A,strip west of N2A
WN4A,.,5.3,13,4/5/2019,PP,2019,WN04A,Strip west of N4A
R1A,20A/3B3UA,48.66,120.241,4/5/2019,PP,2019,R01A,
1B,1B/WA,35.89,88.69,4/5/2019,PP,2019,001B,
N1A,N1A,60.03,148.322,4/2/2019,PP,2019,N01ASW,
N2B,N2B,118.78,293.511,4/2/2019,PP,2019,N02B,
N1B,N1B,120.683,298.214,4/2/2019,PP,2019,N01B,
4F,4F,16.37,40.44,4/2/2019,PP,2019,004F,
HQA,HQA,12.28,30.344,4/1/2019,PP,2019,0HQA,
HQB,HQB,14.92,36.868,4/1/2019,PP,2019,0HQB,
HQC,HQC,17.483,43.201,4/1/2019,PP,2019,0HQC,
HQE,HQE,8.094,20,4/1/2019,PP,2019,0HQE,restoration areas
N1A,N1A,34,84,3/22/2019,PP,2019,N01ANE,
N4B,N4B,56.775,140.293,3/22/2019,PP,2019,N04B,
K1B,K1B,105.138,259.801,3/22/2019,PP,2019,K01B,
C1SB,Texas Hog Pasture,76.36,188.69,3/20/2019,PP,2019,C1SB,
K1A,K1A,113.89,281.428,3/20/2019,PP,2019,K01A,
ALE,Brome field N of K4A,35.38,87.42,3/20/2019,PP,2019,0ALE,
ALD,Brome field S of K1,19.54,48.29,3/20/2019,PP,2019,0ALD,
C3SB,SB,226.265,559.112,3/18/2019,PP,2019,C3SB,
C3A,C3A,48.728,120.41,3/18/2019,PP,2019,C03A,
C1A,C1A,93.78,231.73,3/18/2019,PP,2019,C01A,
WA,WA,11.62,28.72,2/1/2019,PP,2019,00WA,
WB,WB,12.33,30.46,2/1/2019,PP,2019,00WB,
FA,FA,11.089,27.401,11/16/2018,PP,2018,00FA,
FB,FB,10.631,26.27,11/16/2018,PP,2018,00FB,
K20a,K20A,83.13,205.418,8/1/2018,PP,2018,K20A,
SuA,10C/3U3BC,22.86,56.488,8/1/2018,PP,2018,0SuA,
SuB,SuB,15.63,38.62,8/1/2018,PP,2018,0SuB,
R1A,20A/3B3UA,48.66,120.241,4/23/2018,PP,2018,R01A,
1D,1D,41.55,102.67,4/23/2018,PP,2018,001D,
4A,4A,18.84,46.56,4/23/2018,PP,2018,004A,
White Pasture,White Pasture,83.29,205.79,4/19/2018,PP,2018,WHIT,north 2/3 of white pasture. WHITE PASSURE N
White Pasture,White Pasture,41.64,102.9,4/17/2018,PP,2018,WHIT,south 1/3 of white pasture. WHITE PASSURE S
C3SC,SC,127.02,313.873,4/17/2018,PP,2018,C3SC,
C3C,C3C,102.423,253.093,4/17/2018,PP,2018,C03C,
C1A,C1A,93.78,231.73,4/17/2018,PP,2018,C01A,
2A,2A,28.3,69.94,3/30/2018,PP,2018,002A,
1B,1B/WA,35.89,88.69,3/30/2018,PP,2018,001B,
R1B,20D/4H,39.797,98.34,3/30/2018,PP,2018,R01B,
K1B,K1B/K4B,181.665,448.905,3/21/2018,PP,2018,K04B,
K2A,K2A,66.1,163.336,3/21/2018,PP,2018,K02A,
SpA,4C/10A,33.402,82.539,3/14/2018,wp,2018,0SpA,wildfire from I-70. unit was planned to be burned anyway
SpB,4D/WB,35.74,88.31,3/14/2018,wp,2018,0SpB,wildfire from I-70. unit was planned to be burned anyway
2B,2B/10B,14.4,35.59,3/14/2018,wp,2018,002B,wildfire from I-70. unit was planned to be burned anyway
N2A,N2A,101.215,250.107,3/13/2018,PP,2018,N02A,
N4C,N4C,77.842,192.351,3/13/2018,PP,2018,N04C,
N1A,N1A,33.83,83.596,3/12/2018,PP,2018,N01ANE,
Al,Brome field N of K4A,35.38,87.42,3/12/2018,PP,2018,0ALE,
Al,Brome field S of K1A,19.54,48.29,3/12/2018,PP,2018,0ALD,
K1A,K1A,113.89,281.428,3/12/2018,PP,2018,K01A,
HQD,HQD,28.25,69.807,3/9/2018,PP,2018,0HQD,
N1B,N1B,120.683,298.214,3/9/2018,PP,2018,N01B,
HQA,HQA,12.28,30.344,3/8/2018,PP,2018,0HQA,
HQB,HQB,14.92,36.868,3/8/2018,PP,2018,0HQB,
HQC,HQC,17.483,43.201,3/8/2018,PP,2018,0HQC,
Nature trail,Nature trail,60.726,150.056,3/1/2018,PP,2018,NATR,
C1SB,Texas Hog Pasture,76.36,188.69,3/1/2018,PP,2018,C1SB,
WA,WA,11.62,28.72,2/14/2018,PP,2018,00WA,
WB,WB,12.33,30.46,2/14/2018,PP,2018,00WB,
FA,FA,11.089,27.401,11/10/2017,PP,2017,00FA,
FB,FB,10.631,26.27,11/10/2017,PP,2017,00FB,
1D,1D,41.55,102.67,4/13/2017,PP,2017,001D,
2D,2D,48.41,119.62,4/13/2017,PP,2017,002D,
2C,2C,22.95,56.72,4/13/2017,PP,2017,002C,
Spa,4C/10A,33.402,82.539,4/13/2017,PP,2017,0SpA,
SpB,4D/WB,35.74,88.31,4/13/2017,PP,2017,0SpB,
R1A,20A/3B3UA,48.66,120.241,4/13/2017,PP,2017,R01A,
R1B,20D/4H,39.797,98.34,4/13/2017,PP,2017,R01B,
4B,4B,54.5,134.67,4/13/2017,PP,2017,004B,
20B,20B/UC/4B,23.77,58.75,4/13/2017,PP,2017,020B,
1B,1B/WA,35.89,88.69,4/13/2017,PP,2017,001B,
K1B/K4B,K1B,181.665,448.905,4/11/2017,PP,2017,K01B,
N1A,N1A,60.03,148.322,3/20/2017,PP,2017,N01ASW,
N2B,N2B,118.78,293.511,3/20/2017,PP,2017,N02B,
N4D,N4D,135.45,334.704,3/20/2017,PP,2017,N04D,
N1B,N1B,120.683,298.214,3/20/2017,PP,2017,N01B,
K20A,K20A,83.13,205.418,3/16/2017,PP,2017,K20A,
N1A,N1A,33.83,83.596,3/16/2017,PP,2017,N01ANE,
HQA,HQA,12.28,30.344,3/15/2017,PP,2017,0HQA,
HQB,HQB,14.92,36.868,3/15/2017,PP,2017,0HQB,
HQC,HQC,17.483,43.201,3/15/2017,PP,2017,0HQC,
C3SA,SA,102.076,252.235,3/10/2017,PP,2017,C3SA,
C1A,C1A,93.78,231.73,3/10/2017,PP,2017,C01A,
C3B,C3B,66.59,164.547,3/10/2017,PP,2017,C03B,
AL,Brome field S of K1A,19.54,48.29,3/9/2017,PP,2017,00AL,
K1A,K1A,113.89,281.428,3/9/2017,PP,2017,K01A,
C1SB,Texas Hog Pasture,76.36,188.69,3/9/2017,PP,2017,C1SB,
K4A,K4A,53.16,131.361,3/9/2017,PP,2017,K04A,
WA,WA,11.62,28.72,2/6/2017,PP,2017,00WA,
WB,WB,12.33,30.46,2/6/2017,PP,2017,00WB,
FA,FA,11.089,27.401,11/10/2016,PP,2016,00FA,
FB,FB,10.631,26.27,11/10/2016,PP,2016,00FB,
SuA,10C/3U3BC,22.86,56.488,7/26/2016,PP,2016,0SuA,
SuB,SuB,15.63,38.62,7/26/2016,PP,2016,0SuB,
2A,2A,28.3,69.94,5/3/2016,PP,2016,002A,
1B,1B/WA,35.89,88.69,5/3/2016,PP,2016,001B,
SpA,4C/10A,33.402,82.539,5/3/2016,PP,2016,0SpA,
SpB,4D/WB,35.74,88.31,5/3/2016,PP,2016,0SpB,
2B,2B/10B,14.4,35.59,5/3/2016,PP,2016,002B,
1D,1D,41.55,102.67,5/3/2016,PP,2016,001D,
R1B,20D/4H,39.797,98.34,5/3/2016,PP,2016,R01B,
K2A,K2A,66.1,163.336,4/13/2016,PP,2016,K02A,
K1B/K4B,K1B,181.665,448.905,4/13/2016,PP,2016,K01B,
N20B,N20B,84.364,208.467,4/13/2016,PP,2016,N20B,
N1B,N1B,120.683,298.214,4/13/2016,PP,2016,N01B,
Brome Field N of K4A,AL,35.38,87.38,4/12/2016,PP,2016,00AL,
K20A,K20A,83.13,205.418,4/12/2016,PP,2016,K20A,
N1A,N1A,60.03,148.322,4/12/2016,PP,2016,N01ASW,
Nature Trail,Nature Trail,60.726,150.056,4/11/2016,PP,2016,NATR,
K1A,K1A,113.89,281.428,4/4/2016,PP,2016,K01A,
C1SB,Texas Hog Pasture,76.36,188.69,4/4/2016,PP,2016,C1SB,
N1A,N1A,33.83,83.596,4/4/2016,PP,2016,N01ANE,
R1A,20A/3B3UA,48.66,120.241,3/28/2016,PP,2016,R01A,
HQD,HQD,28.25,69.807,3/17/2016,PP,2016,0HQD,
N4A,N4A,99.196,245.118,3/17/2016,PP,2016,N04A,
N2A,N2A,101.215,250.107,3/17/2016,PP,2016,N02A,
HQA,HQA,12.28,30.344,3/14/2016,PP,2016,0HQA,
HQB,HQB,14.92,36.868,3/14/2016,PP,2016,0HQB,
HQC,HQC,17.483,43.201,3/14/2016,PP,2016,0HQC,
C3SB,SB,226.265,559.112,3/11/2016,PP,2016,C3SB,
C3A,C3A,48.728,120.41,3/11/2016,PP,2016,C03A,
C1A,C1A,93.78,231.73,3/11/2016,PP,2016,C01A,
White Pasture,White Pasture,124.93,308.69,3/9/2016,PP,2016,WHIT,
WA,WA,11.62,28.72,1/29/2016,PP,2016,00WA,
WB,WB,12.33,30.46,1/29/2016,PP,2016,00WB,
FA,FA,11.089,27.401,11/13/2015,PP,2015,00FA,
FB,FB,10.631,26.27,11/13/2015,PP,2015,00FB,
R1A,20A/3B3UA,48.66,120.241,4/15/2015,PP,2015,R01A,
1B,1B/WA,35.89,88.69,4/15/2015,PP,2015,001B,
Brome Field S of K1A,AL,19.54,48.29,4/14/2015,PP,2015,,
Brome Field N of K4A,AL,35.38,87.38,4/14/2015,PP,2015,,
R1B,20D/4H,39.797,98.34,4/14/2015,PP,2015,R01B,
2D,2D,48.41,119.62,4/14/2015,PP,2015,002D,
1D,1D,41.55,102.67,4/14/2015,PP,2015,001D,
2C,2C,22.95,56.72,4/14/2015,PP,2015,002C,
4F,4F,16.37,40.44,4/14/2015,PP,2015,004F,
SpA,4C/10A,33.402,82.539,4/14/2015,PP,2015,0SpA,
SpB,4D/WB,35.74,88.31,4/14/2015,PP,2015,0SpB,
N1A,N1A,33.83,83.596,3/31/2015,PP,2015,N01ANE,
N4B,N4B,56.775,140.293,3/31/2015,PP,2015,N04B,
HQC,HQC,17.483,43.201,3/31/2015,PP,2015,0HQC,
N1A,N1A,60.03,148.322,3/26/2015,PP,2015,N01ASW,
N1B,N1B,120.683,298.214,3/26/2015,PP,2015,N01B,
N2B,N2B,118.78,293.511,3/26/2015,PP,2015,N02B,
K1B/K4B,K1B,181.665,448.905,3/20/2015,PP,2015,K01B,
K1A,K1A,113.89,281.428,3/12/2015,PP,2015,K01A,
K20A,K20A,83.13,205.418,3/12/2015,PP,2015,K20A,
C1SB,Texas Hog Pasture,76.36,188.69,3/12/2015,PU,2015,C1SB,
HQA,HQA,12.28,30.344,3/10/2015,PP,2015,0HQA,
HQB,HQB,14.92,36.868,3/10/2015,PP,2015,0HQB,
C3SC,SC,127.02,313.873,3/9/2015,PP,2015,C3SC,
C3C,C3C,102.423,253.093,3/9/2015,PP,2015,C03C,
C1A,C4D,93.78,231.73,3/9/2015,PP,2015,C01A,
WB,WB,12.33,30.46,1/30/2015,PP,2015,00WB,
WA,WA,11.62,28.72,1/30/2015,PP,2015,00WA,
FA,FA,11.089,27.401,11/25/2014,PP,2014,00FA,
FB,FB,10.631,26.27,11/25/2014,PP,2014,00FB,
SuA,10C/3U3BC,22.86,56.488,7/24/2014,PP,2014,0SuA,
SuB,SuB,15.63,38.62,7/24/2014,PP,2014,0SuB,
1B,1B/WA,35.89,88.69,4/18/2014,PP,2014,001B,
2A,2A,28.3,69.94,4/18/2014,PP,2014,002A,
4A,4A,18.84,46.56,4/15/2014,PP,2014,004A,
Belowground Plots,Belowground Plots,1.45,3.58,4/15/2014,PP,2014,LTERBG,
R1A,20A/3B3UA,48.66,120.241,4/15/2014,PP,2014,R01A,
1D,1D,41.55,102.67,4/11/2014,PP,2014,001D,
2B,2B/10B,14.4,35.59,4/11/2014,PP,2014,002B,
R1B,20D/4H,39.797,98.34,4/11/2014,PP,2014,R01B,
N1B,N1B,120.683,298.214,4/11/2014,PP,2014,N01B,
SpA,4C/10A,33.402,82.539,4/11/2014,PP,2014,0SpA,
SpB,4D/WB,35.74,88.31,4/11/2014,PP,2014,0SpB,
C3SA,SA,102.076,252.235,4/1/2014,PP,2014,S00A,
AL,Brome field N of K4A,35.38,87.42,4/1/2014,PP,2014,,
C1SB,Texas Hog Pasture,76.36,188.69,4/1/2014,PP,2014,C1SB,
Nature Trail,Nature Trail,60.726,150.056,4/1/2014,PP,2014,NATR,
AL,Brome field S of K1A,19.54,48.29,3/29/2014,PP,2014,,
K2A,K2A,66.1,163.336,3/29/2014,PP,2014,K02A,
K1B/K4B,K1B,181.665,448.905,3/29/2014,PP,2014,K01B,
K1A,K1A,113.89,281.428,3/28/2014,PP,2014,K01A,
K20A,K20A,83.13,205.418,3/28/2014,PP,2014,K20A,
N1A,N1A,33.83,83.596,3/28/2014,PP,2014,N01ANE,
N2A,N2A,101.215,250.107,3/27/2014,PP,2014,N02A,
C3B,C3B,66.59,164.547,3/23/2014,PP,2014,C03B,
C1A,C4D,93.78,231.73,3/23/2014,PP,2014,C01A,
N4C,N4C,77.842,192.351,3/10/2014,PP,2014,N04C,
N1A,N1A,60.03,148.322,3/10/2014,PP,2014,N01ASW,
HQD,HQD,28.25,69.807,3/10/2014,PP,2014,0HQD,
HQA,HQA,12.28,30.344,3/7/2014,PP,2014,0HQA,
HQB,HQB,14.92,36.868,3/7/2014,PP,2014,0HQB,
HQC,HQC,17.483,43.201,3/7/2014,PP,2014,0HQC,
WA,WA,11.62,28.72,2/23/2014,PP,2014,00WA,
WB,WB,12.33,30.46,2/23/2014,PP,2014,00WB,
FB,FB,10.631,26.27,11/14/2013,PP,2013,00FB,
FA,FA,11.089,27.401,11/14/2013,PP,2013,00FA,
K1B/K4B,K1B,181.665,448.905,4/29/2013,PP,2013,K01B,
R1A,20A/3B3UA,48.66,120.241,4/29/2013,PP,2013,R01A,
Belowground Plots,Belowground Plots,1.45,3.58,4/25/2013,PP,2013,LTERBG,
SpB,4D/WB,35.74,88.31,4/13/2013,PP,2013,0SpB,
SpA,4C/10A,33.402,82.539,4/13/2013,PP,2013,0SpA,
1B,1B/WA,35.89,88.69,4/13/2013,PP,2013,001B,
4B,4B,54.5,134.67,4/13/2013,PP,2013,004B,
Vetch Hill - South of 2C,Vetch Hill - South of 2C,1.002,2.475,4/8/2013,PP,2013,N/A,
R1B,20D/4H,39.797,98.34,4/8/2013,PP,2013,R01B,
1D,1D,41.55,102.67,4/8/2013,PP,2013,001D,
2D,2D,48.41,119.62,4/8/2013,PP,2013,002D,
2C,2C,22.95,56.72,4/8/2013,PP,2013,002C,
N1A,N1A,60.03,148.322,4/3/2013,PP,2013,N01ASW,
N1B,N1B,120.683,298.214,4/3/2013,PP,2013,N01B,
N4D,N4D,135.45,334.704,4/3/2013,PP,2013,N04D,
N2B,N2B,118.78,293.511,4/3/2013,PP,2013,N02B,
White Pasture,White Pasture,124.93,308.69,3/29/2013,PP,2013,WHIT,
C1A,C4D,93.78,231.73,3/28/2013,PP,2013,C01A,
C3SB,SB,226.265,559.112,3/28/2013,PP,2013,C3SB,
C3A,C3A,48.728,120.41,3/28/2013,PP,2013,C03A,
N1A,N1A,33.83,83.596,3/20/2013,PP,2013,N01ANE,
Nature Trail,Nature Trail,60.726,150.056,3/20/2013,PP,2013,NATR,
C1SB,Texas Hog Pasture,76.36,188.69,3/20/2013,PP,2013,C1SB,
K4A,K4A,53.16,131.361,3/15/2013,PP,2013,K04A,
K20A,K20A,83.13,205.418,3/15/2013,PP,2013,K20A,
AL,Brome field N of K4A,35.38,87.42,3/15/2013,PP,2013,.,
AL,Brome field S of K1A,19.54,48.29,3/15/2013,PP,2013,.,
Nature Trail - North Hill,Nature Trail,33.076,81.732,3/14/2013,PP,2013,NATR,
HQ Restoration Plots,Restoration Plots,5.718,14.129,3/14/2013,PP,2013,0HQR,
K1A,K1A,113.89,281.428,3/14/2013,PP,2013,K01A,
HQC,HQC,17.483,43.201,3/13/2013,PP,2013,0HQC,
HQB,HQB,14.92,36.868,3/13/2013,PP,2013,0HQB,
HQA,HQA,12.28,30.344,3/13/2013,PP,2013,0HQA,
Nature Trail -Restoration,Restored - NT Head,2.775,6.858,3/6/2013,PP,2013,.,
WB,WB,12.33,30.46,3/6/2013,PP,2013,00WB,
WA,WA,11.62,28.72,3/6/2013,PP,2013,00WA,
FA,FA,11.089,27.401,11/14/2012,PP,2012,00FA,
FB,FB,10.631,26.27,11/14/2012,PP,2012,00FB,
1B,1B/WA,35.89,88.69,4/21/2012,PP,2012,001B,
2A,2A,28.3,69.94,4/21/2012,PP,2012,002A,
AL,Brome Field E of hay barn,6.857,16.94,4/20/2012,PP,2012,.,
HQ Restoration Plots,Restoration Plots,2.735,6.76,4/20/2012,PP,2012,0HQR,
AL,Brome Field N of K,35.38,87.42,4/17/2012,PP,2012,.,
2B,2B/10B,14.4,35.59,4/17/2012,PP,2012,002B,
R1A,20A/3B3UA,48.66,120.241,4/17/2012,PP,2012,R01A,
SpA,4C/10A,33.402,82.539,4/17/2012,PP,2012,0SpA,
SpB,4D/WB,35.74,88.31,4/17/2012,PP,2012,0SpB,
HQC,HQC,17.483,43.201,4/11/2012,PP,2012,0HQC,
HQ Restoration Plots,Restoration Plots,2.424,5.991,4/11/2012,PP,2012,0HQR,
N1B,N1B,120.683,298.214,4/11/2012,PP,2012,N01B,
White Pasture,White Pasture,166.82,412.22,4/10/2012,PP,2012,WHIT,
Belowground Plots,Belowground Plots,1.45,3.58,4/9/2012,PP,2012,LTERBG,
C1SB,Texas Hog Pasture,76.36,188.69,4/9/2012,PP,2012,C1SB,
1D,1D,41.55,102.67,4/9/2012,PP,2012,001D,
K1A,K1A,113.89,281.428,4/3/2012,PP,2012,K01A,
AL,Brome Field N of N,,48.29,4/3/2012,PP,2012,.,
K20A,K20A,83.13,205.418,4/3/2012,PP,2012,K20A,
Nature Trail,Nature Trail,33.076,81.733,4/3/2012,PP,2012,NATR,
N1A,N1A,33.83,83.596,4/3/2012,PP,2012,N01ANE,
N20A,N20A,82.98,205.048,3/31/2012,PP,2012,N20A,
K1B/K4B,K1B,181.665,448.905,3/31/2012,PP,2012,K01B,
N1A,N1A,60.03,148.322,3/31/2012,PP,2012,N01ASW,
C3C,C3C,102.423,253.093,3/28/2012,PP,2012,C03C,
C3SC,SC,127.02,313.873,3/28/2012,PP,2012,C3SC,
C1A,C4D,93.78,231.73,3/28/2012,PP,2012,C01A,
HQD,HQD,28.25,69.807,3/27/2012,PP,2012,0HQD,
N4A,N4A,99.196,245.118,3/27/2012,PP,2012,N04A,
N2A,N2A,101.215,250.107,3/27/2012,PP,2012,N02A,
20C,20C/3B3UD,36.07,89.13,3/15/2012,PP,2012,020C,
R1B,20D/4H,39.797,98.34,3/15/2012,PP,2012,R01B,
HQA,HQA,12.28,30.344,3/9/2012,PP,2012,0HQA,
HQB,HQB,14.92,36.868,3/9/2012,PP,2012,0HQB,
K2A,K2A,66.1,163.336,3/9/2012,PP,2012,K02A,
Nature Trail -Restoration,Restored - NT Head,2.775,6.858,2/2/2012,PP,2012,.,
WA,WA,11.62,28.72,2/1/2012,PP,2012,00WA,
WB,WB,12.33,30.46,2/1/2012,PP,2012,00WB,
FB,FB,10.631,26.27,11/23/2011,PP,2011,00FB,
FA,FA,11.089,27.401,11/23/2011,PP,2011,00FA,
K2A,K2A,66.1,163.336,9/19/2011,WU,2011,K02A,
K20A,K20A,83.13,205.418,9/19/2011,WU,2011,K20A,
SuB,SuB,15.63,38.62,8/19/2011,PP,2011,0SuB,
SuA,10C/3U3BC,16.002,39.541,8/18/2011,PP,2011,0SuA,
UN07,UN07,3.694,9.128,7/20/2011,WU,2011,UN07,
WA,WA,11.62,28.72,7/20/2011,WP,2011,00WA,
SuA,10C/3U3BC,6.858,16.946,7/20/2011,WU,2011,0SuA,
R20B,1C,5,12.36,7/20/2011,WU,2011,R20B,
4F,4F,16.37,40.44,7/20/2011,WP,2011,004F,
FB,FB,10.631,26.27,7/20/2011,WU,2011,00FB,
R1A,20A/3B3UA,48.66,120.241,5/2/2011,PP,2011,R01A,
HQC,HQC,17.483,43.201,4/28/2011,PP,2011,0HQC,
SpB,4D/WB,35.74,88.31,4/26/2011,PP,2011,0SpB,
SpA,4C/10A,33.355,82.422,4/26/2011,PP,2011,0SpA,
R1B,20D/4H,39.797,98.34,4/26/2011,PP,2011,RO1B,
1B,1B/WA,35.89,88.69,4/26/2011,PP,2011,001B,
1D,1D,41.55,102.67,4/26/2011,PP,2011,001D,
2D,2D,48.41,119.62,4/26/2011,PP,2011,002D,
Belowground Plots,Belowground Plots,1.45,3.58,4/23/2011,PP,2011,LTERBG,
White Pasture,White Pasture,166.82,412.22,4/18/2011,PP,2011,WHIT,
Nature Trail,Nature Trail,101.87,251.726,4/18/2011,PP,2011,NATR,
K1B/K4B,K1B,181.665,448.905,4/17/2011,PP,2011,K04B,
C1SB,Texas Hog Pasture,76.36,188.69,4/17/2011,PP,2011,C1SB,
N1B,N1B,120.683,298.214,4/13/2011,PP,2011,N01B,
N2B,N2B,118.78,293.511,4/13/2011,PP,2011,N02B,
4F,4F,16.37,40.44,4/13/2011,PP,2011,004F,
2C,2C,22.95,56.72,4/13/2011,PP,2011,002C,
N1A,N1A,60.03,148.322,4/12/2011,PP,2011,N01ASW,
C3SA,SA,102.076,252.235,4/12/2011,PP,2011,S00A,
N4B,N4B,56.775,140.293,3/24/2011,PP,2011,N04B,
C1A,C4D,93.78,231.73,3/24/2011,PP,2011,C01A,
C3B,C3B,66.59,164.547,3/24/2011,PP,2011,C03B,
N1A,N1A,33.83,83.596,3/23/2011,PP,2011,N01ANE,
K1A,K1A,113.89,281.428,3/12/2011,PP,2011,K01A,
Nature Trail -Restoration,Restored - NT Head,2.775,6.858,3/3/2011,PP,2011,.,
HQB,HQB,14.919,36.866,3/3/2011,PP,2011,0HQB,
HQA,HQA,12.28,30.344,3/3/2011,PP,2011,0HQA,
WB,WB,12.33,30.46,2/18/2011,PP,2011,00WB,
WA,WA,11.62,28.72,2/18/2011,PP,2011,00WA,
FA,FA,11,27,11/18/2010,PP,2010,00FA,
FB,FB,11,27,11/18/2010,PP,2010,00FB,
1B,1B/WA,35.89,88.69,5/1/2010,PP,2010,001B,
2A,2A,27.96,69.1,5/1/2010,PP,2010,002A,
4A,4A,18.84,46.56,4/20/2010,PP,2010,004A,
1D,1D,41.55,102.67,4/20/2010,PP,2010,001D,
2B,2B/10B,14.4,35.59,4/20/2010,PP,2010,002B,
R1A,20A/3B3UA,48.66,120.241,4/20/2010,PP,2010,R01A,
R1B,20D/4H,39.797,98.34,4/20/2010,PP,2010,RO1B,
SpA,4C/10A,33.355,82.422,4/20/2010,PP,2010,0SpA,
SpB,4D/WB,35.74,88.31,4/20/2010,PP,2010,0SpB,
Belowground Plots,Belowground Plots,1.45,3.58,4/19/2010,PP,2010,LTERBG,
C1A,C4D,93.78,231.73,4/17/2010,PP,2010,C01A,
C1SB,Texas Hog Pasture,69.81,172.51,4/8/2010,PP,2010,TXHP,
N4C,N4C,77.842,192.351,4/8/2010,PP,2010,N04C,
N2A,N2A,101.215,250.107,4/8/2010,PP,2010,N02A,
HQD,HQD,28.25,69.807,4/4/2010,PP,2010,0HQD,
N1B,N1B,120.683,298.214,4/3/2010,PP,2010,N01B,
K2A,K2A,66.1,163.336,3/31/2010,PP,2010,K02A,
K1B,K1B,105.138,259.801,3/31/2010,PP,2010,K01B,
K1B,K4B,76.118,188.092,3/31/2010,WU,2010,K04B,
HQB,HQB,14.919,36.866,3/18/2010,PP,2010,0HQB,
HQC,HQC,17.483,43.201,3/18/2010,PP,2010,0HQC,
HQ Restoration Plots,Restoration Plots,2.424,5.991,3/18/2010,PP,2010,0HQR,
Nature Trail,Nature Trail,101.87,251.726,3/17/2010,PP,2010,NATR,
N1A,N1A,93.855,231.92,3/17/2010,PP,2010,N01A,
HQA,HQA,12.28,30.344,3/4/2010,PP,2010,0HQA,
AL,Brome Field N of N,,,3/4/2010,PP,2010,.,
Cottage Hill,Cottage Hill,,,3/4/2010,PP,2010,CTHL,
C3SA,SA,102.076,252.235,3/3/2010,PP,2010,S00A,
C3A,C3A,48.728,120.41,3/3/2010,PP,2010,C04A,
C3SB,SB,226.265,559.112,3/3/2010,PP,2010,S00B,
C3SC,SC,127.02,313.873,3/3/2010,PP,2010,S00C,
K1A,K1A,113.89,281.428,3/2/2010,PP,2010,K01A,
Nature Trail -Restoration,Restored - NT Head,2.775,6.858,3/2/2010,PP,2010,.,
WA,WA ,11.62,28.72,2/18/2010,PP,2010,00WA,
WB,WB,12.33,30.46,2/18/2010,PP,2010,00WB,
FB,FB,11.18,27.626,11/11/2009,PP,2009,00FB,
FA,FA,11.09,27.404,11/11/2009,PP,2009,00FA,
SuB,SuB,15.63,38.62,7/27/2009,PP,2009,0SuB,
SuA,10C/3U3BC,22.86,56.49,7/27/2009,PP,2009,0SuA,
HQC,HQC,17.483,43.201,4/23/2009,PP,2009,0HQC,
SpA,4C,8.82,21.795,4/22/2009,PP,2009,0SpA,
R1A,20A/3B3UA,48.66,120.241,4/22/2009,PP,2009,R01A,
1B,1B/WA,35.89,88.69,4/22/2009,PP,2009,001B,
4B,4B,54.5,134.67,4/22/2009,PP,2009,004B,
SpB,4D/WB,35.74,88.31,4/21/2009,PP,2009,0SpB,
Belowground Plots,Belowground Plots,1.45,3.58,4/21/2009,PP,2009,LTERBG,
R1B,20D/4H,39.797,98.34,4/17/2009,PP,2009,R01B,
1D,1D,41.55,102.67,4/17/2009,PP,2009,001D,
2D,2D,48.41,119.62,4/17/2009,PP,2009,002D,
2C,2C ,22.95,56.72,4/17/2009,PP,2009,002C,
Nature Trail,Nature Trail,101.87,251.726,4/14/2009,PP,2009,NATR,
K1A,K1A,113.89,281.428,4/8/2009,PP,2009,K01A,
N1A,N1A,60.03,148.322,4/7/2009,PP,2009,N01ASW,
N1B,N1B,120.68,298.206,4/7/2009,PP,2009,N01B,
N4D,N4D,135.45,334.704,4/7/2009,PP,2009,N04D,
N2B,N2B,118.78,293.511,4/7/2009,PP,2009,N02B,
K1B,K1B,105.138,259.801,3/25/2009,PP,2009,K01B,
C1SB,Texas Hog Pasture,69.81,172.51,3/25/2009,PP,2009,TXHP,
N1A,N1A,33.83,83.596,3/17/2009,PP,2009,N01ANE,
K4A,K4A,53.16,131.361,3/17/2009,PP,2009,K04A,
HQ Restoration Plots,Restoration Plots,2.424,5.991,3/14/2009,PP,2009,0HQR,
C1A,C4D,93.78,231.73,3/6/2009,PP,2009,C04D,
C3C,C1B,21.815,53.906,3/6/2009,PP,2009,C01B,
C3C,C1C,81,200.155,3/6/2009,PP,2009,C01C,
C3B,C1B,63.69,157.381,3/6/2009,PP,2009,C01B,
C3B,C4A,2.902,7.17,3/6/2009,PP,2009,C04A,
C3SC,SC,127.02,313.873,3/6/2009,PP,2009,S00C,
C3SB,SB,226.265,559.112,3/6/2009,PP,2009,S00B,
C3A,C4A,48.728,120.41,3/6/2009,PP,2009,C04A,
C3SA,SA,102.076,252.235,3/6/2009,PP,2009,S00A,
HQB,HQB,14.92,36.868,3/4/2009,PP,2009,0HQB,
HQA,HQA,12.28,30.344,3/4/2009,PP,2009,0HQA,
WB,WB,12.33,30.46,2/4/2009,PP,2009,00WB,
WA,WA,11.62,28.72,2/4/2009,PP,2009,00WA,
FA,FA,11.09,27.404,12/12/2008,PP,2008,00FA,
FB,FB,11.18,27.626,12/12/2008,PP,2008,00FB,
SuA,10C/3U3BC,22.86,56.49,7/26/2008,PP,2008,0SuA,
SuB,SuB,15.63,38.62,7/26/2008,PP,2008,0SuB,
R20B,1C,12.315,30.431,5/5/2008,PU ,2008,R20B,
R20A,1A,26.332,65.068,4/30/2008,WU,2008,R20A,
Belowground Plots,Belowground Plots,1.45,3.58,4/29/2008,PP,2008,LTERBG,
1B,1B/WA,35.89,88.69,4/29/2008,PP,2008,001B,
2A,2A,27.96,69.1,4/29/2008,PP,2008,002A,
1D,1D ,41.55,102.67,4/24/2008,PP,2008,001D,
R1A,20A/3B3UA,48.66,120.241,4/24/2008,PP,2008,R01A,
N1B,N1B,120.68,298.206,4/22/2008,PP,2008,N01B,
N1A,N1A,60.03,148.322,4/22/2008,PP,2008,N01ASW,
2B,2B,6.08,15.02,4/14/2008,PP,2008,002B,
SpA,4C,8.82,21.795,4/14/2008,PP,2008,0SpA,
SpB,4D/WB,35.74,88.31,4/14/2008,PP,2008,0SpB,
HQD,HQD,28.25,69.807,4/4/2008,PP,2008,0HQD,
N1A,N1A,33.83,83.596,4/1/2008,PP,2008,N01ANE,
C1SB,Texas Hog Pasture,69.81,172.51,3/28/2008,PP,2008,TXHP,
Nature Trail,Nature Trail,41.22,101.857,3/28/2008,PP,2008,NATRNE,
Nature Trail,Nature Trail,60.65,149.869,3/25/2008,PP,2008,NATRSW,
R1B,20D/4H,39.797,98.34,3/19/2008,PP,2008,R01B,
K2A,K2A,66.1,163.336,3/19/2008,PP,2008,K02A,
K1B,K1B,105.138,259.801,3/19/2008,PP,2008,K01B,
K1B,K4B,76.118,188.092,3/19/2008,PP,2008,K04B,
FA,FA,11.09,27.404,3/14/2008,PP,2008,00FA,
FB,FB,11.18,27.626,3/14/2008,PP,2008,00FB,
WA,WA,11.62,28.72,3/14/2008,PP,2008,00WA,
WB,WB,12.33,30.46,3/14/2008,PP,2008,00WB,
C3SA,SA,102.08,252.245,3/13/2008,PP,2008,S00A,
C3A,C4A,48.728,120.41,3/13/2008,PP,2008,C04A,
C3SB,SB,226.265,559.112,3/13/2008,PP,2008,S00B,
C3SC,SC,127.023,313.88,3/13/2008,PP,2008,S00C,
C3B,C1B,63.69,157.381,3/13/2008,PP,2008,C01B,
C3B,C4A,2.902,7.17,3/13/2008,PP,2008,C04A,
C3C,C1B,21.815,53.906,3/13/2008,PP,2008,C01B,
C3C,C1C,81,200.155,3/13/2008,PP,2008,C01C,
C1A,C4D,93.78,231.73,3/13/2008,PP,2008,C04D,
HQC,HQC,17.483,43.201,3/12/2008,PP,2008,0HQC,
N4A,N4A,99.196,245.118,3/12/2008,PP,2008,N04A,
N2A,N2A,101.215,250.107,3/12/2008,PP,2008,N02A,
HQA,HQA,12.28,30.344,3/10/2008,PP,2008,0HQA,
HQB,HQB,14.92,36.868,3/10/2008,PP,2008,0HQB,
K1A,K1A,113.89,281.428,2/29/2008,PP,2008,K01A,
SuB,SuB,15.63,38.62,7/26/2007,PP,2007,0SuB,
SuA,10C/3U3BC,22.86,56.49,7/26/2007,PP,2007,0SuA,
SpB,4D/WB,35.74,88.31,4/30/2007,PP,2007,0SpB,
SpA,4C,8.82,21.795,4/30/2007,PP,2007,0SpA,
4F,4F,16.37,40.44,4/30/2007,PP,2007,004F,
2C,2C,22.95,56.72,4/30/2007,PP,2007,002C,
N2B,N2B,118.78,293.511,4/20/2007,PP,2007,N02B,
R1B,20D/4H,39.797,98.34,4/20/2007,PP,2007,R01B,
R1A,20A/3B3UA,48.66,120.241,4/20/2007,PP,2007,R01A,
1D,1D,41.55,102.67,4/20/2007,PP,2007,001D,
2D,2D,48.41,119.62,4/20/2007,PP,2007,002D,
N1B,N1B,120.68,298.206,4/9/2007,PP,2007,N01B,
N1A,N1A,33.83,83.596,4/4/2007,PP,2007,N01ANE,
K1B,K1B,105.138,259.801,4/4/2007,PP,2007,K01B,
N4B,N4B,56.775,140.293,4/4/2007,PP,2007,N04B,
N1A,N1A,60.03,148.322,3/23/2007,PP,2007,N01ASW,
C1A,C4D,93.78,231.73,3/22/2007,PP,2007,C04D,
C3C,C1B,21.815,53.906,3/22/2007,PP,2007,C01B,
C3C,C1C,81,200.155,3/22/2007,PP,2007,C01C,
C3B,C1B,63.69,157.381,3/22/2007,PP,2007,C01B,
C3B,C4A,2.902,7.17,3/22/2007,PP,2007,C04A,
C3SC,SC,127.02,313.873,3/22/2007,PP,2007,S00C,
C3SB,SB,226.265,559.112,3/22/2007,PP,2007,S00B,
C3A,C4A,48.728,120.41,3/22/2007,PP,2007,C04A,
C3SA,SA,102.08,252.245,3/22/2007,PP,2007,S00A,
Cottage Hill,Cottage Hill,,,3/17/2007,PP,2007,CTHL,
Belowground Plots,Belowground Plots,1.45,3.58,3/12/2007,PP,2007,LTERBG,
HQC,HQC,17.483,43.201,3/8/2007,PP,2007,0HQC,
K1A,K1A,113.89,281.428,3/7/2007,PP,2007,K01A,
HQ Restoration Plots,Restoration Plots,2.424,5.991,3/6/2007,PP,2007,0HQR,
HQB,HQB,14.92,36.868,3/6/2007,PP,2007,0HQB,
HQA,HQA,12.28,30.344,3/6/2007,PP,2007,0HQA,
WB,WB,12.33,30.46,2/22/2007,PP,2007,00WB,
WA,WA,11.62,28.72,2/22/2007,PP,2007,00WA,
FA,FA,11.09,27.404,11/20/2006,PP,2006,00FA,
FB,FB,11.18,27.626,11/20/2006,PP,2006,00FB,
1B,1B/WA,35.89,88.69,5/8/2006,PP,2006,001B,
2A,2A,27.96,69.1,5/8/2006,PP,2006,002A,
N1A,N1A,33.83,83.596,5/5/2006,PP,2006,N01ANE,
4A,4A,18.84,46.56,4/27/2006,PP,2006,004A,
1D,1D ,41.55,102.67,4/27/2006,PP,2006,001D,
2B,10B,8.21,20.29,4/27/2006,PP,2006,010B,
2B,2B,6.08,15.02,4/27/2006,PP,2006,002B,
R1A,20A/3B3UA,48.66,120.241,4/27/2006,PP,2006,R01A,
N1A,N1A,60.03,148.322,4/27/2006,PP,2006,N01ASW,
SpA,4C,8.82,21.795,4/27/2006,PP,2006,0SpA,
SpB,4D/WB,35.74,88.31,4/27/2006,PP,2006,0SpB,
K2A,K2A,66.1,163.336,4/21/2006,PP,2006,K02A,
HQD,HQD,28.25,69.807,4/20/2006,PP,2006,0HQD,
N4C,N4C,77.842,192.351,4/20/2006,PP,2006,N04C,
N2A,N2A,101.215,250.107,4/20/2006,PP,2006,N02A,
C1SB,Texas Hog Pasture,69.81,172.51,4/17/2006,PP,2006,TXHP,
White Pasture,White Pasture,166.82,412.22,4/17/2006,PP,2006,WHIT,
R1B,20D/4H,39.797,98.34,4/12/2006,PP,2006,R01B,
K1B,K1B,105.138,259.801,4/12/2006,PP,2006,K01B,
HQC,HQC,17.483,43.201,4/4/2006,PP,2006,0HQC,
N1B,N1B,120.68,298.206,4/4/2006,PP,2006,N01B,
Nature Trail,Nature Trail,101.3,250.317,4/3/2006,PP,2006,NATR,
Belowground Plots,Belowground Plots,1.45,3.58,3/23/2006,PP,2006,LTERBG,
C3SA,SA,102.08,252.245,3/17/2006,PP,2006,S00A,
C3A,C4A,48.728,120.41,3/17/2006,PP,2006,C04A,
C3SB,SB,226.265,559.112,3/17/2006,PP,2006,S00B,
C3SC,SC,127.02,313.873,3/17/2006,PP,2006,S00C,
C3B,C1B,63.69,157.381,3/17/2006,PP,2006,C01B,
C3B,C4A,2.902,7.17,3/17/2006,PP,2006,C04A,
C3C,C1B,21.815,53.906,3/17/2006,PP,2006,C01B,
C3C,C1C,81,200.155,3/17/2006,PP,2006,C01C,
C1A,C4D,93.78,231.73,3/17/2006,PP,2006,C04D,
HQA,HQA,12.28,30.344,3/14/2006,PP,2006,0HQA,
HQB,HQB,14.92,36.868,3/14/2006,PP,2006,0HQB,
K1A,K1A,113.89,281.428,3/9/2006,PP,2006,K01A,
WA,WA,11.62,28.72,2/21/2006,PP,2006,00WA,
WB,WB,12.33,30.46,2/21/2006,PP,2006,00WB,
FB,FB,11.181,27.629,11/22/2005,PP,2005,00FB,
FA,FA,11.09,27.404,11/22/2005,PP,2005,00FA,
SuB,SuB,15.63,38.62,7/29/2005,PP,2005,0SuB,
SuA,10C/3U3BC,22.86,56.49,7/29/2005,PP,2005,0SuA,
R1B,4H,3.377,8.345,4/20/2005,PP,2005,004H,
R1B,20D,36.42,89.996,4/20/2005,PP,2005,R01B,
R1A,20A/3B3UA,48.66,120.241,4/20/2005,PP,2005,R01A,
1D,1D,41.55,102.67,4/20/2005,PP,2005,001D,
2D,2D,48.41,119.62,4/20/2005,PP,2005,002D,
Nature Trail,Nature Trail,41.22,101.857,4/16/2005,WU,2005,NATR,
C1A,Pasture 8,5.1,12.6,4/16/2005,PP,2005,PAST,
C1SB,Texas Hog Pasture,69.81,172.51,4/16/2005,PP,2005,TXHP,
SpB,4D/WB,35.74,88.31,4/15/2005,PP,2005,0SpB,
SpA,4C,8.818,21.79,4/15/2005,PP,2005,0SpA,
1B,1B/WA,35.89,88.69,4/15/2005,PP,2005,001B,
4B,4B,54.5,134.67,4/15/2005,PP,2005,004B,
N1A,N1A,33.83,83.596,4/14/2005,PP,2005,N01ANE,
K4A,K4A,53.161,131.363,4/14/2005,PP,2005,K04A,
N4B,N4B,56.775,140.293,4/14/2005,PP,2005,N04B,
2C,2C,22.95,56.72,4/14/2005,PP,2005,002C,
K1B,K1B,105.138,259.801,4/13/2005,PP,2005,K01B,
N1A,N1A,60.03,148.322,4/8/2005,PP,2005,N01ASW,
N1B,N1B,120.683,298.214,4/8/2005,PP,2005,N01B,
N4D,N4D,135.45,334.704,4/8/2005,PP,2005,N04D,
N2B,N2B,118.781,293.514,4/8/2005,PP,2005,N02B,
K1A,K1A,113.89,281.428,3/31/2005,PP,2005,K01A,
C3C,C1B,21.55,53.251,3/23/2005,PP,2005,C01B,
C3C,C1C,81.291,200.874,3/23/2005,PP,2005,C01C,
C3B,C1B,63.69,157.381,3/23/2005,PP,2005,C01B,
Belowground Plots,Belowground Plots,1.45,3.58,3/17/2005,PP,2005,LTERBG,
HQC,HQC,17.483,43.201,3/16/2005,PP,2005,0HQC,
HQB,HQB,14.919,36.866,3/15/2005,PP,2005,0HQB,
HQA,HQA,12.28,30.344,3/15/2005,PP,2005,0HQA,
WB,WB,12.33,30.46,2/4/2005,PP,2005,00WB,
WA,WA,11.62,28.72,2/4/2005,PP,2005,00WA,
FB,FB,11.18,27.626,12/8/2004,PP,2004,00FB,
1B,1B/WA,35.89,88.69,5/4/2004,PP,2004,001B,
2A,2A,27.96,69.1,5/4/2004,PP,2004,002A,
2B,2B,6.08,15.02,4/27/2004,PP,2004,002B,
R1A,20A/3B3UA,48.66,120.241,4/27/2004,PP,2004,R01A,
SpA,4C,8.818,21.79,4/27/2004,PP,2004,0SpA,
K1A,K1A,113.89,281.428,4/13/2004,PP,2004,K01A,
4F,4F,16.37,40.44,4/13/2004,PP,2004,004F,
K2A,K2A,66.1,163.336,4/13/2004,PP,2004,K02A,
K1B,K1B,105.138,259.801,4/13/2004,PP,2004,K01B,
K1B,K4B,76.118,188.092,4/13/2004,PP,2004,K04B,
SpB,4D/WB,35.74,88.31,4/13/2004,PP,2004,0SpB,
HQD,HQC,28.25,69.807,4/6/2004,PP,2004,0HQC,
N4A,N4A,99.196,245.118,4/6/2004,PP,2004,N04A,
N2A,N2A,101.215,250.107,4/6/2004,PP,2004,N02A,
White Pasture,White Pasture,166.82,412.22,4/2/2004,PP,2004,WHIT,
C3SA,SA,102.076,252.235,4/1/2004,PP,2004,S00A,
C3A,C4A,48.728,120.41,4/1/2004,PP,2004,C04A,
C3SC,SC,127.02,313.873,4/1/2004,PP,2004,S00C,
C3SB,SB,226.265,559.112,4/1/2004,PP,2004,S00B,
C3B,C1B,63.817,157.695,4/1/2004,PP,2004,C01B,
C3B,C4A,2.902,7.17,4/1/2004,PP,2004,C04A,
C3C,C1B,21.55,53.251,4/1/2004,PP,2004,C01B,
C3C,C1C,81.291,200.874,4/1/2004,PP,2004,C01C,
C1A,C4D,93.78,231.73,4/1/2004,PP,2004,C04D,
2D,2D,48.41,119.62,4/1/2004,WU,2004,002D,
1D,1D,41.55,102.67,4/1/2004,PP,2004,001D,
R1B,20D,36.42,89.996,4/1/2004,PP,2004,R01B,
R1B,4H,3.38,8.352,4/1/2004,WU,2004,004H,
N1B,N1B,120.683,298.214,3/31/2004,PP,2004,N01B,
HQC,HQC,17.483,43.201,3/26/2004,PP,2004,0HQC,
Belowground Plots,Belowground Plots,1.45,3.58,3/26/2004,PP,2004,LTERBG,
Nature Trail,Nature Trail,93.37,230.722,3/18/2004,PP,2004,NATR,
HQA,HQA,12.28,30.344,3/12/2004,PP,2004,0HQA,
N1A,N1A,60.03,148.322,3/12/2004,PP,2004,N01ASW,
N1A,N1A,33.83,83.596,3/9/2004,PP,2004,N01ANE,
FA,FA,11.089,27.401,2/26/2004,PP,2004,00FA,
FB,FB,11.181,27.629,2/26/2004,PP,2004,00FB,
WA,WA,11.62,28.72,2/26/2004,PP,2004,00WA,
WB,WB,12.33,30.46,2/26/2004,PP,2004,00WB,
SuB,SuB,15.63,38.62,7/24/2003,PP,2003,0SuB,
SuA,10C/3U3BC,22.86,56.49,7/24/2003,PP,2003,0SuA,
R1A,20A/3B3UA,48.66,120.241,5/12/2003,PP,2003,R01A,
K1A,K1A,113.89,281.428,5/7/2003,PP,2003,K01A,
HQC,HQC,17.483,43.201,5/7/2003,PP,2003,0HQC,
SpB,4D/WB,35.74,88.31,5/5/2003,PP,2003,0SpB,
R1B,20D,36.42,89.996,4/29/2003,PP,2003,R01B,
2C,2C,22.95,56.72,4/29/2003,PP,2003,002C,
White Pasture,White Pasture,166.82,412.22,4/28/2003,PP,2003,WHIT,
C1A,C4D,93.78,231.73,4/22/2003,PP,2003,C04D,
C3C,C1B,21.55,53.251,4/22/2003,PP,2003,C01B,
C3C,C1C,81.291,200.874,4/22/2003,PP,2003,C01C,
C3B,C1B,63.817,157.695,4/22/2003,PP,2003,C01B,
C3B,C4A,2.902,7.17,4/22/2003,PP,2003,C04A,
C3SB,SB,226.265,559.112,4/22/2003,PP,2003,S00B,
C3SC,SC,127.02,313.873,4/22/2003,PP,2003,S00C,
C3A,C4A,48.728,120.41,4/22/2003,PP,2003,C04A,
C3SA,SA,102.076,252.235,4/22/2003,PP,2003,S00A,
N1A,N1A,33.83,83.596,4/21/2003,PP,2003,N01ANE,
HQ Restoration Plots,Restoration Plots,2.424,5.991,4/21/2003,PP,2003,0HQR,
Belowground Plots,Belowground Plots,1.45,3.58,4/21/2003,PP,2003,LTERBG,
N1A,N1A,60.03,148.322,4/19/2003,PP,2003,N01ASW,
HQB,HQB,14.92,36.868,4/17/2003,PP,2003,0HQB,
HQA,HQA,12.28,30.344,4/17/2003,PP,2003,0HQA,
SpA,4C,8.818,21.79,4/12/2003,PP,2003,0SpA,
C1SB,Texas Hog Pasture,69.81,172.51,4/12/2003,PP,2003,TXHP,
1B,1B/WA,35.89,88.69,4/11/2003,PP,2003,001B,
4B,4B,54.5,134.67,4/11/2003,PP,2003,004B,
1D,1D,41.55,102.67,4/10/2003,PP,2003,001D,
2D,2D,48.41,119.62,4/10/2003,PP,2003,002D,
N1B,N1B,120.683,298.214,4/9/2003,PP,2003,N01B,
N2B,N2B,118.781,293.514,4/9/2003,PP,2003,N02B,
AL,AL,25.387,62.73,3/31/2003,PP,2003,0ALB,
HQB,HQB,14.92,36.868,3/31/2003,PP,2003,0HQB,
K1B,K1B,105.138,259.801,3/25/2003,PP,2003,K01B,
WB,WB,12.33,30.46,2/17/2003,PP,2003,00WB,
WA,WA,11.62,28.72,2/17/2003,PP,2003,00WA,
FB,FB,11.18,27.626,12/10/2002,PP,2002,00FB,
FA,FA,11.09,27.404,12/10/2002,PP,2002,00FA,
1B,1B/WA,35.89,88.69,5/3/2002,PP,2002,001B,
2B,2B,6.08,15.02,5/3/2002,PP,2002,002B,
2A,2A,27.96,69.1,5/3/2002,PP,2002,002A,
Nature Trail,Nature Trail,93.37,230.722,5/2/2002,PP,2002,NATR,
SpA,4C,8.818,21.79,5/2/2002,PP,2002,0SpA,
HQC,HQC,17.483,43.201,4/30/2002,PP,2002,0HQC,
HQD,HQC,28.25,69.807,4/30/2002,PP,2002,0HQC,
R1B,4H,3.377,8.345,4/29/2002,PP,2002,004H,
R1B,20D,36.42,89.996,4/29/2002,PP,2002,R01B,
SpB,4D/WB,35.74,88.31,4/29/2002,PP,2002,0SpB,
Belowground Plots,Belowground Plots,1.45,3.58,4/25/2002,PP,2002,LTERBG,
N1A,N1A,60.03,148.322,4/25/2002,PP,2002,N01ASW,
1D,1D,41.55,102.67,4/9/2002,PP,2002,001D,
HQB,HQB,14.919,36.866,4/5/2002,PP,2002,0HQB,
4A,4A,18.84,46.56,4/3/2002,WU,2002,004A,
R1A,20A/3B3UA,48.66,120.241,4/3/2002,PP,2002,R01A,
N4A,N4A,99.196,245.118,4/3/2002,WU,2002,N04A,
N4C,N4C,77.842,192.351,4/3/2002,PP,2002,N04C,
N2A,N2A,101.215,250.107,4/3/2002,PP,2002,N02A,
C3B,C1B,63.69,157.381,3/30/2002,PP,2002,C01B,
C3C,C1B,21.55,53.251,3/30/2002,PP,2002,C01B,
C3C,C1C,81.291,200.874,3/30/2002,PP,2002,C01C,
C1A,Pasture 8,5.1,12.6,3/30/2002,PP,2002,PAST,
4F,4F,16.37,40.44,3/28/2002,WU,2002,004F,
N1B,N1B,120.683,298.214,3/28/2002,PP,2002,N01B,
N1A,N1A,33.83,83.596,3/28/2002,PP,2002,N01ANE,
AL,AL,39.454,97.49,3/27/2002,PP,2002,0ALB,
K1A,K1A,113.89,281.428,3/26/2002,PP,2002,K01A,
WA,WA,11.62,28.72,2/13/2002,PP,2002,00WA,
WB,WB,12.33,30.46,2/13/2002,PP,2002,00WB,
FA,FA,11.089,27.401,11/21/2001,PP,2001,00FA,
FB,FB,11.181,27.629,11/21/2001,PP,2001,00FB,
SuB,SuB,15.63,38.62,8/14/2001,PP,2001,0SuB,
SuA,10C/3U3BC,22.86,56.49,8/14/2001,PP,2001,0SuA,
R1A,20A/3B3UA,48.66,120.241,4/26/2001,PP,2001,R01A,
Belowground Plots,Belowground Plots,1.45,3.58,4/26/2001,PP,2001,LTERBG,
SpB,4D/WB,35.74,88.31,4/24/2001,PP,2001,0SpB,
SpA,10A,24.536,60.63,4/24/2001,PP,2001,010A,
SpA,4C,8.818,21.79,4/24/2001,PP,2001,0SpA,
R1B,20D,36.42,89.996,4/24/2001,PP,2001,R01B,
2C,2C,22.95,56.72,4/24/2001,PP,2001,002C,
HQC,HQC,17.483,43.201,4/17/2001,PP,2001,0HQC,
HQA,HQA,12.28,30.344,4/16/2001,PP,2001,0HQA,
N1B,N1B,120.683,298.214,4/13/2001,PP,2001,N01B,
N4D,N4D,135.45,334.704,4/13/2001,PP,2001,N04D,
N2B,N2B,118.781,293.514,4/13/2001,PP,2001,N02B,
HQB,HQB,14.92,36.868,4/13/2001,PU ,2001,0HQB,
K1B,K1B,105.138,259.801,4/12/2001,PP,2001,K01B,
1D,1D,41.55,102.67,4/12/2001,PP,2001,001D,
2D,2D,48.41,119.62,4/12/2001,PP,2001,002D,
N1A,N1A,60.03,148.322,4/9/2001,PP,2001,N01ASW,
K1A,K1A,113.89,281.428,4/9/2001,PP,2001,K01A,
K4A,K4A,53.161,131.363,4/4/2001,PP,2001,K04A,
N1A,N1A,33.83,83.596,4/4/2001,PP,2001,N01ANE,
N4B,N4B,56.775,140.293,4/4/2001,PP,2001,N04B,
1B,1B/WA,35.89,88.69,4/4/2001,PP,2001,001B,
C1A,Pasture 8,5.1,12.6,4/2/2001,PP,2001,PAST,
C3C,C1B,21.55,53.251,4/2/2001,PP,2001,C01B,
C3C,C1C,81.291,200.874,4/2/2001,PP,2001,C01C,
C3B,C1B,63.69,157.381,4/2/2001,PP,2001,C01B,
WB,WB,12.33,30.46,3/6/2001,PP,2001,00WB,
WA,WA,11.62,28.72,3/6/2001,PP,2001,00WA,
FB,FB,11.181,27.629,11/21/2000,PP,2000,00FB,
FA,FA,11.089,27.401,11/21/2000,PP,2000,00FA,
K1B,K1B,105.138,259.801,4/28/2000,PP,2000,K01B,
K1B,K4B,76.118,188.092,4/28/2000,PP,2000,K04B,
K2A,K2A,66.1,163.336,4/28/2000,PP,2000,K02A,
1D,1D,41.55,102.67,4/26/2000,PP,2000,001D,
R20B,1C,12.315,30.431,4/26/2000,PP,2000,R20B,
SpB,4D/WB,35.74,88.31,4/26/2000,PP,2000,0SpB,
4F,4F,16.37,40.44,4/24/2000,PP,2000,004F,
N1B,N1B,120.683,298.214,4/21/2000,PP,2000,N01B,
Belowground Plots,Belowground Plots,1.45,3.58,4/20/2000,PP,2000,LTERBG,
4B,4B,39.96,98.74,4/17/2000,PU ,2000,004B,
4B,4B,14.54,35.93,4/12/2000,WU,2000,004B,
1B,1B/WA,35.89,88.69,4/12/2000,PP,2000,001B,
2A,2A,27.96,69.1,4/12/2000,PP,2000,002A,
2B,2B,6.08,15.02,4/12/2000,PP,2000,002B,
SpA,4C,8.818,21.79,4/12/2000,PP,2000,0SpA,
R20A,1A,26.332,65.068,4/12/2000,PP,2000,R20A,
N1A,N1A,93.855,231.92,4/11/2000,PP,2000,N01A,
N4A,N4A,99.196,245.118,4/10/2000,PP,2000,N04A,
HQC,HQC,17.483,43.201,4/6/2000,PP,2000,0HQC,
HQA,HQA,12.28,30.344,4/4/2000,PP,2000,0HQA,
HQB,HQB,14.92,36.868,4/4/2000,WU,2000,0HQB,
N2A,N2A,101.215,250.107,4/4/2000,PP,2000,N02A,
HQD,HQC,28.25,69.807,3/31/2000,PP,2000,0HQC,
C3B,C4A,2.902,7.17,3/30/2000,PP,2000,C04A,
C3SA,SA,102.076,252.235,3/30/2000,PP,2000,S00A,
C3SC,SC,127.02,313.873,3/30/2000,PP,2000,S00C,
C3SB,SB,226.265,559.112,3/30/2000,PP,2000,S00B,
C3B,C1B,63.817,157.695,3/29/2000,PP,2000,C01B,
C3C,C1B,21.55,53.251,3/29/2000,PP,2000,C01B,
C3C,C1C,81.291,200.874,3/29/2000,PP,2000,C01C,
C3A,C4A,48.728,120.41,3/29/2000,PP,2000,C04A,
C1A,C4D,93.78,231.73,3/29/2000,PP,2000,C04D,
K1A,K1A,113.89,281.428,3/21/2000,PP,2000,K01A,
Nature Trail,Nature Trail,93.37,230.722,3/21/2000,PP,2000,NATR,
WA,WA,11.62,28.72,2/8/2000,PP,2000,00WA,
WB,WB,12.33,30.46,2/8/2000,PP,2000,00WB,
FA,FA,11.09,27.404,12/10/1999,PP,1999,00FA,
FB,FB,11.18,27.626,12/10/1999,PP,1999,00FB,
SuB,SuB,15.63,38.62,7/26/1999,PP,1999,0SuB,
SuA,10C/3U3BC,22.86,56.49,7/26/1999,PP,1999,0SuA,
N4B,N4B,56.775,140.293,5/13/1999,PP,1999,N04B,
1D,1D,41.55,102.67,5/13/1999,PP,1999,001D,
HQC,HQC,17.483,43.201,5/7/1999,PP,1999,0HQC,
SpB,4D/WB,35.74,88.31,4/20/1999,PP,1999,0SpB,
SpA,4C,8.818,21.79,4/20/1999,PP,1999,0SpA,
C1A,Pasture 8,5.1,12.6,4/20/1999,PP,1999,PAST,
C3C,C1B,21.55,53.251,4/20/1999,PP,1999,C01B,
C3C,C1C,81.291,200.874,4/20/1999,PP,1999,C01C,
C3B,C1B,63.69,157.381,4/20/1999,PP,1999,C01B,
R20A,1A,26.332,65.068,4/12/1999,PP,1999,R20A,
N2B,N2B,118.781,293.514,4/12/1999,PP,1999,N02B,
R20B,1C,12.315,30.431,4/12/1999,PP,1999,R20B,
2A,2A,27.96,69.1,4/12/1999,PP,1999,002A,
1B,1B/WA,35.89,88.69,4/12/1999,PP,1999,001B,
2C,2C,22.95,56.72,4/12/1999,PP,1999,002C,
4A,4A,18.84,46.56,4/12/1999,PP,1999,004A,
Belowground Plots,Belowground Plots,1.45,3.58,4/7/1999,PP,1999,LTERBG,
N1A,N1A,93.855,231.92,4/6/1999,PP,1999,N01A,
N1B,N1B,120.683,298.214,4/6/1999,PP,1999,N01B,
K1B,K1B,105.138,259.801,3/29/1999,PP,1999,K01B,
White Pasture,White Pasture,166.82,412.22,3/18/1999,PP,1999,WHIT,
WB,WB,12.33,30.46,2/9/1999,PP,1999,00WB,
WA,WA,11.62,28.72,2/9/1999,PP,1999,00WA,
FB,FB,11.181,27.629,12/1/1998,PP,1998,00FB,
FA,FA,11.089,27.401,12/1/1998,PP,1998,00FA,
4B,4B,54.5,134.67,5/4/1998,PP,1998,004B,
1B,1B/WA,35.89,88.69,5/4/1998,PP,1998,001B,
SpA,4C,8.818,21.79,5/4/1998,PP,1998,0SpA,
R20A,1A,26.332,65.068,5/4/1998,PP,1998,R20A,
2B,2B,6.08,15.02,4/23/1998,PP,1998,002B,
R20B,1C,12.315,30.431,4/23/1998,PP,1998,R20B,
SpB,4D/WB,35.74,88.31,4/23/1998,PP,1998,0SpB,
2D,2D,48.41,119.62,4/22/1998,PP,1998,002D,
1D,1D,41.55,102.67,4/22/1998,PP,1998,001D,
R1B,4H,3.377,8.345,4/22/1998,PP,1998,004H,
N1A,N1A,93.855,231.92,4/22/1998,PP,1998,N01A,
K1B,K1B,105.138,259.801,4/22/1998,PP,1998,K01B,
C1SB,Texas Hog Pasture,69.81,172.51,4/18/1998,PP,1998,TXHP,
C3SB,S3B,226.265,559.112,4/17/1998,PP,1998,S00B,
C3SC,S3C,127.02,313.873,4/17/1998,PP,1998,S00C,
K2A,K2A,66.1,163.336,4/17/1998,PP,1998,K02A,
K1A,K1A,113.89,281.428,4/15/1998,PP,1998,K01A,
Nature Trail,Nature Trail,101.87,251.726,4/15/1998,PP,1998,NATR,
Belowground Plots,Belowground Plots,1.45,3.58,4/14/1998,PP,1998,LTERBG,
HQA,HQA,12.28,30.344,4/10/1998,PP,1998,0HQA,
HQC,HQC,17.483,43.201,4/10/1998,PP,1998,0HQC,
HQD,HQC,28.25,69.807,4/10/1998,PP,1998,0HQC,
N4C,N4C,77.842,192.351,4/10/1998,PP,1998,N04C,
N2A,N2A,101.215,250.107,4/10/1998,PP,1998,N02A,
C3B,C1B,63.69,157.381,4/6/1998,PP,1998,C01B,
C3C,C1B,21.55,53.251,4/6/1998,PP,1998,C01B,
C3C,C1C,81.291,200.874,4/6/1998,PP,1998,C01C,
C1A,Pasture 8,5.1,12.6,4/6/1998,PP,1998,PAST,
N4D,N4D,135.45,334.704,4/2/1998,PP,1998,N04D,
N1B,N1B,120.683,298.214,4/2/1998,PP,1998,N01B,
WA,WA,11.62,28.72,2/20/1998,PP,1998,00WA,
WB,WB,12.33,30.46,2/20/1998,PP,1998,00WB,
FA,FA,11.089,27.401,11/21/1997,PP,1997,00FA,
FB,FB,11.181,27.629,11/21/1997,PP,1997,00FB,
SuB,SuB,15.63,38.62,7/31/1997,PP,1997,0SuB,
SuA,10C/3U3BC,22.86,56.49,7/31/1997,PP,1997,0SuA,
R20A,1A,26.332,65.068,4/28/1997,PP,1997,R20A,
HQC,HQC,17.483,43.201,4/28/1997,PP,1997,0HQC,
K1B,K1B,105.138,259.801,4/25/1997,PP,1997,K01B,
C1SB,Texas Hog Pasture,69.81,172.51,4/19/1997,PP,1997,TXHP,
SpA,4C,8.818,21.79,4/17/1997,PP,1997,0SpA,
1D,1D,41.55,102.67,4/17/1997,PP,1997,001D,
1B,1B/WA,35.89,88.69,4/17/1997,PP,1997,001B,
Belowground Plots,Belowground Plots,1.45,3.58,4/16/1997,PP,1997,LTERBG,
SpB,4D/WB,35.74,88.31,4/15/1997,PP,1997,0SpB,
SpA,10A,19.54,48.27,4/15/1997,PU,1997,010A,
C3SC,S3C,127.02,313.873,4/9/1997,PP,1997,S00C,
C3SB,S3B,226.265,559.112,4/9/1997,PP,1997,S00B,
K4A,K4A,53.161,131.363,4/7/1997,PP,1997,K04A,
N1A,N1A,93.855,231.92,4/7/1997,PP,1997,N01A,
N1B,N1B,120.683,298.214,4/7/1997,PP,1997,N01B,
Nature Trail,Nature Trail,101.87,251.726,4/3/1997,PP,1997,NATR,
C1A,Pasture 8,5.1,12.6,4/3/1997,PP,1997,PAST,
K1A,K1A,113.89,281.428,4/3/1997,PP,1997,K01A,
C3C,C1B,21.55,53.251,4/3/1997,PP,1997,C01B,
C3C,C1C,81.291,200.874,4/3/1997,PP,1997,C01C,
C3B,C1B,63.69,157.381,4/3/1997,PP,1997,C01B,
R20B,1C,12.315,30.431,3/31/1997,PP,1997,R20B,
2C,2C,22.95,56.72,3/31/1997,PP,1997,002C,
SpA,10A,5,12.355,3/24/1997,WU,1997,010A,
WB,WB,12.33,30.46,2/25/1997,PP,1997,00WB,
WA,WA,11.62,28.72,2/25/1997,PP,1997,00WA,
HQB,HQB,14.919,36.866,1/30/1997,PP,1997,0HQB,
HQA,HQA,12.28,30.344,1/30/1997,PP,1997,0HQA,
FB,FB,11.181,27.629,11/7/1996,PP,1996,00FB,
FA,FA,11.089,27.401,11/7/1996,PP,1996,00FA,
2B,10B,8.21,20.29,5/13/1996,PP,1996,010B,
2B,2B,6.08,15.02,5/13/1996,PP,1996,002B,
SpB,4D/WB,35.74,88.31,5/13/1996,PP,1996,0SpB,
Belowground Plots,Belowground Plots,1.45,3.58,5/11/1996,PP,1996,LTERBG,
N1A,N1A,33.83,83.596,5/2/1996,PP,1996,N01ANE,
N2B,N2B,118.781,293.514,4/30/1996,PP,1996,N02B,
N1A,N1A,60.03,148.322,4/30/1996,PP,1996,N01ASW,
2A,2A,27.96,69.1,4/26/1996,PP,1996,002A,
4F,4F,1,2.47,4/23/1996,PU,1996,004F,
1B,1B/WA,35.89,88.69,4/23/1996,PP,1996,001B,
SuA,10C/3U3BC,22.86,56.49,4/23/1996,PU ,1996,0SuA,
SuB,SuB,15.63,38.62,4/23/1996,PU ,1996,0SuB,
HQD,HQC,28.25,69.807,4/20/1996,PP,1996,0HQC,
N2A,N2A,101.215,250.107,4/20/1996,PP,1996,N02A,
R20A,1A,26.332,65.068,4/16/1996,PP,1996,R20A,
C1A,Pasture 8,5.1,12.6,4/9/1996,PP,1996,PAST,
SpA,4C,8.818,21.79,4/9/1996,PP,1996,0SpA,
K1A,K1A,113.89,281.428,4/5/1996,PP,1996,K01A,
K1B,K4B,39.12,96.66,3/26/1996,PU ,1996,K04B,
N20B,N20B,84.364,208.467,3/26/1996,PU ,1996,N20B,
C3B,C1B,63.69,157.381,2/25/1996,WP ,1996,C01B,
C3B,C4A,2.902,7.17,2/25/1996,WP ,1996,C04A,
C3C,C1B,21.815,53.906,2/25/1996,WP ,1996,C01B,
C3C,C1C,81,200.155,2/25/1996,WP ,1996,C01C,
C3SA,S3A,102.076,252.235,2/25/1996,WP ,1996,S00A,
C3A,C4A,48.728,120.41,2/25/1996,WP ,1996,C04A,
C3SB,S3B,226.265,559.112,2/25/1996,WP ,1996,S00B,
C3SC,S3C,127.02,313.873,2/25/1996,WP ,1996,S00C,
AL,AL,22,54.36,2/25/1996,WU,1996,0ALC,
C1A,C4D,89,219,2/25/1996,WP,1996,C04D,
2D,2D,48.41,119.62,2/25/1996,WP ,1996,002D,
4F,4F,15.37,37.98,2/25/1996,WU,1996,004F,
1D,1D,41.55,102.67,2/25/1996,WP,1996,001D,
R20B,1C,12.315,30.431,2/25/1996,WP ,1996,R20B,
N1B,N1B,120.683,298.214,2/25/1996,PP,1996,N01B,
K1B,K1B,105.138,259.801,2/25/1996,WP ,1996,K01B,
K1B,K4B,37,91.429,2/25/1996,WP ,1996,K04B,
K2A,K2A,66.1,163.336,2/25/1996,WP ,1996,K02A,
SuA,10C/3U3BC,5,12.36,2/25/1996,WP ,1996,0SuA,
SuB,SuB,7,17.3,2/25/1996,WP ,1996,0SuB,
White Pasture,White Pasture,166.82,412.22,2/25/1996,WP ,1996,WHIT,
N20B,N20B,17,42.008,2/25/1996,WU,1996,N20B,
WA,WA,11.62,28.72,2/9/1996,PP,1996,00WA,
WB,WB,12.33,30.46,2/9/1996,PP,1996,00WB,
FA,FA,11.089,27.401,11/21/1995,PP,1995,00FA,
FB,FB,11.181,27.629,11/21/1995,PP,1995,00FB,
C1SB,Texas Hog Pasture,69.81,172.51,4/28/1995,PP,1995,TXHP,
Nature Trail,Nature Trail,101.87,251.726,4/27/1995,PP,1995,NATR,
Belowground Plots,Belowground Plots,1.45,3.58,4/27/1995,PP,1995,LTERBG,UB plots 1-2 burned accidently on 04/03/1995
SpA,4C,8.818,21.79,4/25/1995,PP,1995,0SpA,
N1A,N1A,93.855,231.92,4/24/1995,PP,1995,N01A,
K1A,K1A,113.89,281.428,4/24/1995,PP,1995,K01A,
HQB,HQB,14.919,36.866,4/24/1995,PP,1995,0HQB,
HQA,HQA,12.28,30.344,4/24/1995,PP,1995,0HQA,
K1B,K1B,105.138,259.801,4/21/1995,PP,1995,K01B,
1D,1D,41.55,102.67,4/19/1995,PP,1995,001D,
C1A,Pasture 8,5.1,12.6,4/19/1995,PP,1995,PAST,
C3C,C1B,21.55,53.251,4/19/1995,PP,1995,C01B,
C3C,C1C,81.291,200.874,4/19/1995,PP,1995,C01C,
C3B,C1B,63.69,157.381,4/19/1995,PP,1995,C01B,
SpB,4D/WB,35.74,88.31,4/13/1995,PP,1995,0SpB,
N1B,N1B,120.683,298.214,4/13/1995,PP,1995,N01B,
2C,2C,22.95,56.72,4/8/1995,PP,1995,002C,
R20A,1A,26.332,65.068,4/6/1995,PP,1995,R20A,
R20B,1C,12.315,30.431,4/6/1995,PP,1995,R20B,
1B,1B/WA,35.89,88.69,4/6/1995,PP,1995,001B,
HQC,HQC,17.483,43.201,4/3/1995,PP,1995,0HQC,
WB,WB,12.33,30.46,2/21/1995,PP,1995,00WB,
WA,WA,11.62,28.72,2/21/1995,PP,1995,00WA,
FB,FB,11.181,27.629,11/23/1994,PP,1994,00FB,
FA,FA,11.089,27.401,11/23/1994,PP,1994,00FA,
SuB,SuB,15.63,38.62,9/7/1994,PP,1994,0SuB,
SuA,10C/3U3BC,22.86,56.49,9/2/1994,PP,1994,0SuA,
2B,2B,6.08,15.02,5/5/1994,PP,1994,002B,
SpA,4C,8.818,21.79,5/5/1994,PP,1994,0SpA,
SpB,4D/WB,35.74,88.31,5/5/1994,PP,1994,0SpB,
2D,2D,48.41,119.62,5/4/1994,PP,1994,002D,
1D,1D,41.55,102.67,5/4/1994,PP,1994,001D,
R20B,1C,12.315,30.431,5/4/1994,PP,1994,R20B,
R1B,4H,3.377,8.345,5/4/1994,PP,1994,004H,
Belowground Plots,Belowground Plots,1.45,3.58,5/3/1994,PP,1994,LTERBG,UB plots 17-24 burned accidently on 05/10/1994
N1A,N1A,93.855,231.92,5/3/1994,PP,1994,N01A,
K1A,K1A,113.89,281.428,4/24/1994,PP,1994,K01A,
C3SC,S3C,127.02,313.873,4/22/1994,PU ,1994,S00C,
C3SB,S3B,226.265,559.112,4/22/1994,PP,1994,S00B,
C3SA,S3A,102.076,252.235,4/22/1994,PP,1994,S00A,
C3B,C1B,63.69,157.381,4/22/1994,PP,1994,C01B,
C3C,C1B,21.55,53.251,4/22/1994,PP,1994,C01B,
C3C,C1C,81.291,200.874,4/22/1994,PP,1994,C01C,
AL,AL,14.07,34.77,4/22/1994,PU ,1994,0ALC,
C1A,Pasture 8,5.1,12.6,4/22/1994,PP,1994,PAST,
C1SB,Texas Hog Pasture,69.81,172.51,4/22/1994,PP,1994,TXHP,
N1B,N1B,120.683,298.214,4/21/1994,PP,1994,N01B,
HQA,HQA,12.28,30.344,4/20/1994,PP,1994,0HQA,
HQC,HQC,17.483,43.201,4/20/1994,PP,1994,0HQC,
HQB,HQB,14.919,36.866,4/20/1994,PP,1994,0HQB,
HQD,HQC,28.25,69.807,4/20/1994,PP,1994,0HQC,
White Pasture,White Pasture,166.82,412.22,4/17/1994,WP ,1994,WHIT,
Nature Trail,Nature Trail,101.87,251.726,4/16/1994,PP,1994,NATR,
N2B,N2B,118.781,293.514,4/13/1994,WP ,1994,N02B,
N2A,N2A,101.215,250.107,4/13/1994,WU,1994,N02A,
4B,4B,54.5,134.67,3/31/1994,WU,1994,004B,
HQD,HQC,28.25,69.807,3/31/1994,WU,1994,0HQC,
4A,4A,18.84,46.56,3/31/1994,WU,1994,004A,
1B,1B/WA,35.89,88.69,3/31/1994,WP ,1994,001B,
2A,2A,27.96,69.1,3/31/1994,WU,1994,002A,
R1A,20A/3B3UA,48.66,120.241,3/31/1994,WU,1994,R01A,
N4A,N4A,99.196,245.118,3/31/1994,WU,1994,N04A,
N4D,N4D,135.45,334.704,3/31/1994,WU,1994,N04D,
N4C,N4C,77.842,192.351,3/31/1994,WP ,1994,N04C,
R20A,1A,26.332,65.068,3/31/1994,WP ,1994,R20A,
K2A,K2A,66.1,163.336,3/30/1994,PP,1994,K02A,
K1B,K1B,105.138,259.801,3/30/1994,PP,1994,K01B,
WA,WA,11.62,28.72,2/15/1994,PP,1994,00WA,
WB,WB,12.33,30.46,2/15/1994,PP,1994,00WB,
FA,FA,11.089,27.401,11/29/1993,PP,1993,00FA,
FB,FB,11.181,27.629,11/29/1993,PP,1993,00FB,
K1B,K1B,105.138,259.801,5/13/1993,PP,1993,K01B,
K2A,K2A,3.244,8.016,5/13/1993,WU,1993,K02A,
C3SC,S3C,74.882,185.037,5/13/1993,WU,1993,S00C,
SpA,4C,8.818,21.791,5/4/1993,PP,1993,004C,
HQD,HQC,28.25,69.807,5/4/1993,PP,1993,0HQC,
WA,3U3BB,11.62,28.72,4/30/1993,PP,1993,00WA,
R20B,1C,12.315,30.431,4/30/1993,PP,1993,R20B,
C1A,C4B,13.11,32.41,4/30/1993,WU,1993,C02B,
C3C,C1B,103.106,254.78,4/30/1993,PP,1993,C01A,
C3B,C4A,53.239,131.556,4/30/1993,PP,1993,C02A,
C3A,C4A,24.222,59.855,4/30/1993,PP,1993,C02A,
N2A,N2A,101.215,250.107,4/29/1993,PP,1993,N02A,
Belowground Plots,Belowground Plots,1.45,3.58,4/29/1993,PP,1993,LTERBG,
HQC,HQC,17.483,43.201,4/29/1993,PP,1993,0HQC,
2C,2C,22.95,56.72,4/26/1993,PP,1993,002C,
4F,4F,16.37,40.44,4/26/1993,PP,1993,004F,
R20A,1A,26.332,65.068,4/24/1993,PP,1993,R20A,
2A,2A,27.96,69.1,4/24/1993,PP,1993,002A,
1D,1D,41.55,102.67,4/24/1993,PP,1993,001D,
1B,1B/WA,35.89,88.69,4/24/1993,PP,1993,001B,
N1A,N1A,93.855,231.92,4/21/1993,PP,1993,N01A,
N4B,N4B,56.775,140.293,4/21/1993,PP,1993,N04B,
K4A,K4A,53.161,131.363,4/10/1993,PP,1993,K04A,
N1B,N1B,120.683,298.214,4/10/1993,PP,1993,N01B,
4F,4F,7,17.3,9/20/1992,WU,1992,004F,
R20B,1C,0.5,1,9/20/1992,WP,1992,R20B,
N1B,N1B,46,113,9/20/1992,WP,1992,N01B,
K1B,K4B,24,58,9/20/1992,WU,1992,K04B,
WA,3U3BB,3,7.4,9/20/1992,WU,1992,00WA,
N20B,N20B,26,65,9/20/1992,WU,1992,N20B,
Belowground Plots,Belowground Plots,1.45,3.58,4/28/1992,PP,1992,LTERBG,
1B,1B/WA,35.89,88.69,4/28/1992,PP,1992,001B,
2B,2B,6.08,15.02,4/28/1992,PP,1992,002B,
R20B,1C,12.315,30.431,4/28/1992,PP,1992,001C,
2D,2D,48.41,119.62,4/23/1992,PP,1992,002D,
1D,1D,41.55,102.67,4/23/1992,PP,1992,001D,
20C,3B3UD,5.7,14.09,4/23/1992,PP,1992,033D,
WB,4G,12.33,30.46,4/23/1992,PP,1992,004G,
HQA,HQA,12.278,30.34,4/22/1992,PP,1992,0HQA,
HQC,HQC,17.483,43.201,4/22/1992,PP,1992,0HQC,
HQB,HQB,14.922,36.873,4/22/1992,PP,1992,0HQB,
HQD,HQC,28.25,69.807,4/22/1992,PP,1992,0HQC,
K1A,K1A,113.89,281.428,4/22/1992,PP,1992,K01A,
N1B,N1B,120.683,298.214,4/17/1992,PP,1992,N01B,
K1B,K1B,105.138,259.801,4/17/1992,PP,1992,K01B,
K1B,K4B,76.118,188.092,4/17/1992,PP,1992,K04B,
N20A,N20A,82.978,205.043,4/14/1992,PP,1992,N20A,
N2B,N2B,118.781,293.514,4/14/1992,PP,1992,N02B,
N1A,N1A,93.855,231.92,4/14/1992,PP,1992,N01A,
4A,4A,18.84,46.56,4/13/1992,PP,1992,004A,
R1A,3B3UA,29.124,71.966,4/13/1992,PP,1992,033A,
R20A,1A,26.332,65.068,4/13/1992,PP,1992,001A,
N4A,N4A,99.196,245.118,4/11/1992,PP,1992,N04A,
C3A,C4A1,23.656,58.455,4/9/1992,PP,1992,C20A,
C3A,C4A2,25.072,61.954,4/9/1992,PP,1992,C20A,
C3B,C4A1,14.212,35.119,4/9/1992,PP,1992,C20A,
C3B,C4A2,54.14,133.783,4/9/1992,PP,1992,C02A,
C3C,C1B,101.552,250.94,4/9/1992,PP,1992,C01A,
C1A,C4B,93.78,231.73,4/9/1992,PP,1992,C02B,
K2A,K2A,66.1,163.336,4/9/1992,PP,1992,K02A,
N20B,N20B,22.91,56.612,10/20/1991,WU,1991,N20B,
WA,3U3BB,4.56,11.27,10/20/1991,WU,1991,033B,
K1B,K4B,28.57,70.598,10/20/1991,WU,1991,K04B,
20B,20B/UC/4B,2,5,10/20/1991,WU,1991,020B,
N1B,N1B,61.45,151.846,10/20/1991,WU,1991,N01B,
R20B,1C,1,2.46,10/20/1991,WU,1991,001C,
4F,4F,9.71,23.99,10/20/1991,WU,1991,004F,
FB,WC,1,2.46,10/20/1991,WU,1991,099C,
Belowground Plots,Belowground Plots,1.45,3.58,5/1/1991,PP,1991,LTERBG,
R20A,1A,26.332,65.068,4/24/1991,PP,1991,001A,
SpA,10A,24.537,60.631,4/24/1991,PP,1991,010A,
R1A,3B3UA,29.124,71.966,4/24/1991,PP,1991,033A,
2A,2A,27.96,69.1,4/24/1991,PP,1991,002A,
1B,1B/WA,35.89,88.69,4/24/1991,PP,1991,001B,
4B,4B,54.5,134.67,4/24/1991,PP,1991,004B,
N2A,N2A,101.215,250.107,4/23/1991,PP,1991,N02A,
K1A,K1A,113.89,281.428,4/19/1991,PP,1991,K01A,
WB,4G,12.33,30.46,4/5/1991,WU,1991,004G,
SuB,10D,15.63,38.62,4/5/1991,WU,1991,010D,
N20B,N20B,84.364,208.467,4/5/1991,WU,1991,N20B,
SuA,10C,11.06,27.32,4/5/1991,WU,1991,010C,
SuA,3U3BC,11.8,29.17,4/5/1991,WU,1991,033C,
WA,3U3BB,11.62,28.72,4/5/1991,WU,1991,033B,
K1B,K1B,105.138,259.801,4/5/1991,WP ,1991,K01B,
K1B,K4B,76.118,188.092,4/5/1991,WU,1991,K04B,
K2A,K2A,66.1,163.336,4/5/1991,WU,1991,K02A,
K4A,K4A,53.161,131.364,4/5/1991,WU,1991,K04A,
20B,20B/UC/4B,23.77,58.75,4/5/1991,WU,1991,020B,
N1A,N1A,93.855,231.92,4/5/1991,WP ,1991,N01A,
N1B,N1B,120.683,298.214,4/5/1991,WP ,1991,N01B,
N4D,N4D,135.45,334.704,4/5/1991,WU,1991,N04D,
N2B,N2B,118.781,293.514,4/5/1991,WU,1991,N02B,
N20A,N20A,82.978,205.043,4/5/1991,WP ,1991,N20A,
K20A,K20A,83.13,205.418,4/5/1991,WU,1991,K20A,
N4B,N4B,56.775,140.293,4/5/1991,WU,1991,N04B,
R1B,4H,3.377,8.345,4/5/1991,WU,1991,004H,
R1B,20D,36.42,89.996,4/5/1991,WU,1991,020D,
R20B,1C,12.315,30.431,4/5/1991,WP ,1991,001C,
20C,3B3UD,5.7,14.09,4/5/1991,WP ,1991,033D,
20C,UC,30.37,75.04,4/5/1991,WU,1991,020C,
1D,1D,41.55,102.67,4/5/1991,WP ,1991,001D,
2D,2D,48.41,119.62,4/5/1991,WU,1991,002D,
2C,2C,22.95,56.72,4/5/1991,WP ,1991,002C,
4F,4F,16.37,40.44,4/5/1991,WU,1991,004F,
C1SB,Texas Hog Pasture,69.81,172.51,4/5/1991,WU,1991,TXHO,
C1A,C4B,93.78,231.73,4/5/1991,WU,1991,C02B,
FA,4E,11.089,27.402,4/5/1991,WP ,1991,004E,
FB,WC,11.181,27.628,4/5/1991,WU,1991,099C,
C3C,C1B,101.552,250.94,4/5/1991,WP ,1991,C01A,
C3B,C4A2,54.14,133.783,4/5/1991,WP ,1991,C02A,
C3B,C4A1,14.212,35.119,4/5/1991,WU,1991,C20A,
C3SB,S3B,226.265,559.112,4/5/1991,WU,1991,S03B,
C3SC,S3C,127.023,313.88,4/5/1991,WU,1991,S03C,
C3A,C4A2,25.072,61.954,4/5/1991,WP ,1991,C20A,
C3A,C4A1,23.656,58.455,4/5/1991,WU,1991,C20A,
C3SA,S3A,102.075,252.232,4/5/1991,WP ,1991,S03A,
HQD,HQC,28.25,69.807,4/4/1991,PP,1991,0HQC,
HQB,HQB,14.922,36.873,4/4/1991,PP,1991,0HQB,
HQC,HQC,17.483,43.201,4/4/1991,PP,1991,0HQC,
HQA,HQA,12.278,30.34,4/4/1991,PP,1991,0HQA,
Belowground Plots,Belowground Plots,1.45,3.58,5/1/1990,PP,1990,LTERBG,
C3SB,S3B,226.265,559.112,4/30/1990,PP,1990,S03B,
White Pasture,White Pasture,166.82,412.22,4/30/1990,PP,1990,WHIT,
20C,3B3UD,5.7,14.09,4/23/1990,PP,1990,033D,
N20A,N20A,82.978,205.043,4/23/1990,PP,1990,N20A,
HQC,HQC,17.483,43.201,4/21/1990,PP,1990,0HQC,
HQD,HQC,28.25,69.807,4/21/1990,PP,1990,0HQC,
C3B,C1B,20,50,4/18/1990,PP,1990,C01B,
C3C,C1B,101.552,250.94,4/18/1990,PP,1990,C01A,
C1A,C4B,93.78,231.73,4/18/1990,PP,1990,C02B,
2D,2D,48.41,119.62,4/18/1990,PP,1990,002D,
R1B,4H,3.377,8.345,4/18/1990,PP,1990,004H,
1D,1D,41.55,102.67,4/16/1990,PP,1990,001D,
K2A,K2A,66.1,163.336,4/16/1990,PP,1990,K02A,
K1B,K1B,105.138,259.801,4/16/1990,PP,1990,K01B,
SpB,4D,20.37,50.33,4/14/1990,PP,1990,004D,
2B,2B,6.08,15.02,4/12/1990,PP,1990,002B,
R20B,1C,12.315,30.431,4/12/1990,PP,1990,001C,
HQA,HQA,12.278,30.34,4/11/1990,PP,1990,0HQA,
HQB,HQB,14.922,36.873,4/11/1990,PP,1990,0HQB,
N1A,N1A,93.855,231.92,4/11/1990,PP,1990,N01A,
N4C,N4C,77.842,192.351,4/7/1990,PP,1990,N04C,
N2B,N2B,118.781,293.514,4/6/1990,PP,1990,N02B,
N1B,N1B,120.683,298.214,4/6/1990,PP,1990,N01B,
K1A,K1A,113.89,281.428,4/4/1990,PP,1990,K01A,
C1SB,Texas Hog Pasture,69.81,172.51,4/4/1990,PP,1990,TXHO,
Nature Trail,Nature Trail,101.87,251.726,4/4/1990,PP,1990,NATR,
1B,1B/WA,35.89,88.69,4/3/1990,PP,1990,001B,
R1A,3B3UA,29.124,71.966,4/3/1990,PP,1990,033A,
R20A,1A,26.332,65.068,4/3/1990,PP,1990,001A,
FB,WC,11.181,27.628,11/10/1989,PP,1989,099C,
AL,AL,23.28,57.53,4/27/1989,PP,1989,AL,
Belowground Plots,Belowground Plots,1.45,3.58,4/19/1989,PP,1989,LTERBG,
C3SC,S3C,127.02,313.873,4/18/1989,PP,1989,S03C,
C3C,C1B,101.55,250.935,4/17/1989,PP,1989,C01A,
C3B,C4A,53.239,131.556,4/17/1989,PP,1989,C02A,
C3A,C4A,24.223,59.856,4/17/1989,PP,1989,C02A,
2D,2D,3.78,9.341,4/14/1989,PP,1989,002D,
C3SB,S3B,1.95,4.819,4/14/1989,PP,1989,S03B,
C3A,C4A,1,1,4/14/1989,PP,1989,C04A,
K1B,K1B,105.138,259.801,4/13/1989,PP,1989,K01B,
N2A,N2A,101.215,250.107,4/13/1989,PP,1989,N02A,
SuA,3U3BC,11.8,29.17,4/12/1989,PP,1989,033C,
R20B,1C,12.315,30.431,4/12/1989,PP,1989,001C,
1D,1D,41.55,102.67,4/12/1989,PP,1989,001D,
R20A,1A,26.332,65.068,4/11/1989,PP,1989,001A,
WA,3U3BB,11.622,28.719,4/11/1989,PP,1989,033B,
SpA,4C,8.818,21.791,4/11/1989,PP,1989,004C,
2A,2A,27.96,69.1,4/11/1989,PP,1989,002A,
1B,1B/WA,35.89,88.69,4/11/1989,PP,1989,001B,
2C,2C,22.95,56.72,4/11/1989,PP,1989,002C,
K4A,K4A,53.16,131.361,4/10/1989,PP,1989,K04A,
N1A,N1A,93.855,231.92,4/10/1989,PP,1989,N01A,
N20A,N20A,82.98,205.048,4/10/1989,PP,1989,N20A,
K1A,K1A,113.89,281.428,4/10/1989,PP,1989,K01A,
4F,4F,16.37,40.44,4/7/1989,PP,1989,004F,
HQD,HQC,28.25,69.807,4/7/1989,PP,1989,0HQC,
HQB,HQB,14.92,36.868,4/7/1989,PP,1989,0HQB,
HQC,HQC,17.483,43.201,4/7/1989,PP,1989,0HQC,
HQA,HQA,12.28,30.344,4/7/1989,PP,1989,0HQA,
N1B,N1B,120.68,298.206,4/5/1989,PP,1989,N01B,
N4B,N4B,56.775,140.293,4/5/1989,PP,1989,N04B,
FB,WC,11,28,11/10/1988,PP,1988,099C,
1B,1B/WA,35.89,88.69,4/20/1988,PP,1988,001B,
R20A,1A,26.332,65.068,4/20/1988,PP,1988,001A,
2B,2B,6.08,15.02,4/19/1988,PP,1988,002B,
SuA,3U3BC,11.8,29.17,4/15/1988,PP,1988,033C,
C3B,C1B,20,50,4/14/1988,PP,1988,C01B,
C3C,C1B,101.55,250.935,4/14/1988,PP,1988,C01A,
Belowground Plots,Belowground Plots,1.45,3.58,4/14/1988,PP,1988,LTERBG,
C1A,C4B,93.78,231.73,4/14/1988,PP,1988,C02B,
N4D,N4D,135.45,334.704,4/13/1988,PP,1988,N04D,
N2B,N2B,118.78,293.511,4/13/1988,PP,1988,N02B,
N1B,N1B,120.68,298.206,4/13/1988,PP,1988,N01B,
K1A,K1A ,113.89,281.428,4/12/1988,PP,1988,K01A,
AL,AL,5.34,13.2,4/12/1988,PP,1988,AL,
C1SB,Texas Hog Pasture,69.81,172.51,4/12/1988,PP,1988,TXHO,
Nature Trail,Nature Trail,101.87,251.726,4/12/1988,PP,1988,NATR,
K2A,K2A,66.1,163.336,4/12/1988,PP,1988,K02A,
K1B,K1B,105.138,259.801,4/12/1988,PP,1988,K01B,
K1B,K4B,76.118,188.092,4/12/1988,PP,1988,K04B,
N4A,N4A,99.196,245.118,4/11/1988,PP,1988,N04A,
2D,2D,48.41,119.62,4/7/1988,PP,1988,002D,
1D,1D,41.55,102.67,4/7/1988,PP,1988,001D,
R20B,1C,12.315,30.431,4/7/1988,PP,1988,001C,
WA,3U3BB,11.622,28.719,4/7/1988,PP,1988,033B,
4A,4A,18.84,46.56,4/6/1988,PP,1988,004A,
WB,4G,12.33,30.46,4/5/1988,PP,1988,004G,
HQA,HQA,12.28,30.344,4/4/1988,PP,1988,0HQA,
HQB,HQB,14.92,36.868,4/4/1988,PP,1988,0HQB,
N1A,N1A,93.855,231.92,4/4/1988,PP,1988,N01A,
White Pasture,White Pasture,166.82,412.22,4/24/1987,PP,1987,WHIT,
AL,unassigned ,6.209,15.34,4/24/1987,PP,1987,N/A,
C3SC,unassigned ,66.115,163.373,4/24/1987,PP,1987,N/A,
N2A,N2A,101.215,250.107,4/23/1987,PP,1987,N2A,
Belowground Plots,Belowground Plots,1.45,3.58,4/10/1987,PP,1987,LTERBG,
1D,1D,41.55,102.67,4/9/1987,PP,1987,001D,
R20A,1A,26.332,65.068,4/8/1987,PP,1987,001A,
WA,3U3BB,11.622,28.719,4/8/1987,PP,1987,033B,
2A,2A,27.96,69.1,4/8/1987,PP,1987,002A,
1B,1B,12.01,29.69,4/8/1987,PP,1987,001B,
1B,pre-1988 WA,23.88,59,4/8/1987,PP,1987,099A,
FB,WC,11.18,27.626,4/8/1987,PP,1987,099C,
4B,4B,54.5,134.67,4/8/1987,PP,1987,004B,
SpB,pre-1988 WB,15.37,37.98,4/7/1987,PP,1987,099B,
R20B,1C,12.315,30.431,4/7/1987,PP,1987,001C,
2C,2C,22.95,56.72,4/7/1987,PP,1987,002C,
FA,4E,11.09,27.404,4/7/1987,PP,1987,004E,
SuA,3U3BC,11.8,29.17,4/6/1987,PP,1987,033C,
HQD,HQC,28.25,69.807,5/1/1986,PP,1986,0HQC,
1B,1B,12.01,29.69,5/1/1986,PP,1986,001B,
1B,pre-1988 WA,23.88,59,5/1/1986,PP,1986,099A,
R20A,1A,26.332,65.068,5/1/1986,PP,1986,001A,
N4C,N4C,77.842,192.351,4/22/1986,PP,1986,N04C,
N1A,N1A,93.855,231.92,4/22/1986,PP,1986,N01A,
C3SB,unassigned ,226.265,559.112,4/16/1986,PP,1986,N/A,
C3SC,unassigned ,127.02,313.873,4/16/1986,PP,1986,N/A,
C3SA,unassigned ,102.076,252.235,4/16/1986,PP,1986,N/A,
R1A,3B3UA,29.124,71.966,4/16/1986,PP,1986,033A,
SpB,4D,20.37,50.33,4/16/1986,PP,1986,004D,
SpB,pre-1988 WB,15.37,37.98,4/16/1986,PP,1986,099B,
White Pasture,White Pasture,122.23,302.03,4/16/1986,PP,1986,WHIT,
HQA,unassigned ,12.28,30.344,4/11/1986,PP,1986,N/A,
FB,WC,11.18,27.626,4/11/1986,PP,1986,099C,
HQC,unassigned ,17.483,43.201,4/11/1986,PP,1986,N/A,
HQB,unassigned ,14.919,36.866,4/11/1986,PP,1986,N/A,
4F,4F,1.346,3.326,4/11/1986,WU,1986,004F,
SuB,10D,15.63,38.62,4/11/1986,PP,1986,010D,
K1A,K1A,113.89,281.428,4/10/1986,PP,1986,K01A,
C1SB,Texas Hog Pasture,69.81,172.51,4/10/1986,PP,1986,N/A,
Nature Trail,unassigned ,101.87,251.726,4/10/1986,PP,1986,N/A,
2D,2D,48.41,119.62,4/9/1986,PP,1986,002D,
1D,1D,41.55,102.67,4/9/1986,PP,1986,001D,
20C,3B3UD,5.7,14.09,4/9/1986,PP,1986,033D,
R20B,1C,12.315,30.431,4/9/1986,PP,1986,001C,
R1B,4H,3.38,8.352,4/9/1986,PP,1986,004H,
2B,2B,6.08,15.02,4/8/1986,PP,1986,002B,
SpB,10B,8.21,20.287,4/8/1986,PP,1986,010B,
N4C,N4C,4,10,3/17/1986,WP,1986,N04C,
20C,3B3UD,5.7,14.09,5/2/1985,PP,1985,033D,
1D,1D,41.55,102.67,5/2/1985,PP,1985,001D,
4F,4F,16.37,40.44,5/2/1985,PP,1985,004F,
FB,WC,11.181,27.628,5/2/1985,PP,1985,099C,
SpB,pre-1988 WB,15.374,37.989,4/24/1985,PP,1985,099B,
SpA,4C,8.818,21.791,4/24/1985,PP,1985,004C,
R20B,1C,12.315,30.431,4/24/1985,PP,1985,001C,
1B,1B,12.01,29.69,4/24/1985,PP,1985,001B,
1B,pre-1988 WA,23.88,59,4/24/1985,PP,1985,099A,
2C,2C,22.95,56.72,4/24/1985,PP,1985,002C,
R20A,1A,26.332,65.068,4/16/1985,PP,1985,001A,
K20A,KUA,53.681,132.648,4/16/1985,WU,1985,K20A,
R1A,3B3UA,29.124,71.966,4/16/1985,PP,1985,033A,
2A,2A,27.96,69.1,4/16/1985,PP,1985,002A,
N1A,N1A,34,84,4/15/1985,PP,1985,N01ANE,
K1B,K4B,7.524,18.592,4/15/1985,PP,1985,K04B,
K2A,K2A,12.217,30.19,4/15/1985,PP,1985,K02A,
K4A,K4A,53.161,131.363,4/15/1985,PP,1985,K04A,
N4B,N4B,56.775,140.293,4/15/1985,PP,1985,N04B,
Nature Trail,unassigned ,96.042,237.325,4/15/1985,PP,1985,N/A,
AL,K4A,41.61,102.81,4/15/1985,PP,1985,K04A,
C1SB,Texas Hog Pasture,69.81,172.51,4/15/1985,PP,1985,N/A,
K1A,K1A,113.89,281.428,4/15/1985,PP,1985,K01A,
C3SB,unassigned ,1.963,4.851,4/15/1985,PP,1985,N/A,
N2A,N2A,101.215,250.107,4/11/1985,PP,1985,N02A,
N1A,N1A,60,148,4/11/1985,PP,1985,N01ASW,
HQC,unassigned ,17.483,43.201,4/11/1985,PP,1985,N/A,
HQD,HQC,28.25,69.807,4/11/1985,PP,1985,0HQC,
HQB,unassigned ,14.92,36.868,4/9/1985,PP,1985,N/A,
HQA,unassigned ,12.28,30.344,4/9/1985,PP,1985,N/A,
C3B,C1B,1,1,9/23/1984,WU,1984,C01B,
HQB,unassigned ,6.808,16.823,5/4/1984,PP,1984,N/A,
1B,1B,12.01,29.69,4/28/1984,PP,1984,001B,
2B,2B,6.08,15.02,4/28/1984,PP,1984,002B,
N1A,N1A,34,84,4/28/1984,PP,1984,N01ANE,
R20A,1A,26.332,65.068,4/28/1984,PP,1984,001A,
2D,2D,48.41,119.62,4/19/1984,PP,1984,002D,
1D,1D,41.55,102.67,4/19/1984,PP,1984,001D,
20C,3B3UD,5.7,14.09,4/19/1984,PP,1984,033D,
R20B,1C,12.315,30.431,4/19/1984,PP,1984,001C,
N1A,N1A,60,148,4/19/1984,PP,1984,N01ASW,
WB,4G,12.33,30.46,4/19/1984,PP,1984,004G,
4A,4A,18.84,46.56,4/18/1984,PP,1984,004A,
R1A,3B3UA,29.124,71.966,4/18/1984,PP,1984,033A,
N4A,N4A,99.196,245.118,4/18/1984,PP,1984,N04A,
AL,unassigned ,1.09,2.693,4/13/1984,PP,1984,N/A,
N2A,N2A,13.317,32.906,2/3/1984,WU,1984,N02A,
White Pasture,White Pasture,166.82,412.22,4/30/1983,PP,1983,WHIT,
Nature Trail,unassigned ,55.97,138.305,4/30/1983,PP,1983,N/A,
C1A,CR3B-3U,3.08,7.6,4/30/1983,WU,1983,C02B,
K1A,K1A,2.54,6.276,4/30/1983,PP,1983,K01A,
C3C,C1A,1.653,4.084,4/30/1983,WU,1983,C01A,
C3B,CUA,5.164,12.762,4/30/1983,WU,1983,C20A,
C3A,CUA,8,20,4/30/1983,WU,1983,C20A,
C3SC,unassigned ,59.478,146.973,4/30/1983,PP,1983,N/A,
SuA,3U3BC,11.8,29.17,4/29/1983,PP,1983,033C,
SpB,pre-1988 WB,15.374,37.989,4/29/1983,PP,1983,099B,
FB,WC,11.181,27.628,4/29/1983,PP,1983,099C,
HQB,unassigned ,3.79,9.365,4/26/1983,PP,1983,N/A,
C3SB,unassigned ,1.266,3.129,4/21/1983,PP,1983,N/A,
R20A,1A,26.332,65.068,4/20/1983,PP,1983,001A,
2A,2A,27.96,69.1,4/20/1983,PP,1983,002A,
1D,1D,41.55,102.67,4/20/1983,PP,1983,001D,
1B,pre-1988 WA,23.88,59,4/20/1983,PP,1983,099A,
1B,1B,12.01,29.69,4/20/1983,PP,1983,001B,
4B,4B,54.5,134.67,4/20/1983,PP,1983,004B,
WA,3U3BB,11.623,28.72,4/18/1983,PP,1983,033B,
R20B,1C,12.315,30.431,4/18/1983,PP,1983,001C,
2C,2C,22.95,56.72,4/18/1983,PP,1983,002C,
FA,4E,11.089,27.402,4/18/1983,PP,1983,004E,
AL,unassigned ,1.316,3.251,3/14/1983,PP,1983,N/A,
1B,1B,12.01,29.69,4/22/1982,PP,1982,001B,
R20B,1C,12.315,30.431,4/22/1982,PP,1982,001C,
Nature Trail,unassigned ,54.727,135.234,4/22/1982,PP,1982,N/A,
SpB,4D,20.366,50.325,4/22/1982,PP,1982,004D,
WA,3U3BB,11.623,28.72,4/22/1982,PP,1982,033B,
R20A,1A,26.332,65.068,4/22/1982,PP,1982,001A,
2D,2D,48.41,119.62,4/21/1982,PP,1982,002D,
1D,1D,41.55,102.67,4/21/1982,PP,1982,001D,
2B,2B,6.08,15.02,4/21/1982,PP,1982,002B,
R1B,4H,3.377,8.345,4/21/1982,PP,1982,004H,
SuA,3U3BC,11.8,29.17,4/21/1982,PP,1982,033C,
SuA,10C,11.8,29.17,4/28/1981,PP,1981,010C,
SuA,3U3BC,11.8,29.17,4/28/1981,PP,1981,033C,
WA,3U3BB,11.623,28.72,4/28/1981,PP,1981,033B,
R20B,1C,12.315,30.431,4/28/1981,PP,1981,001C,
1D,1D,41.55,102.67,4/28/1981,PP,1981,001D,
4F,4F,16.37,40.44,4/28/1981,PP,1981,004F,
2C,2C,22.95,56.72,4/28/1981,PP,1981,002C,
R20A,1A,26.332,65.068,4/25/1981,PP,1981,001A,
SpA,10A,24.537,60.631,4/25/1981,PP,1981,010A,
SpA,4C,8.818,21.791,4/25/1981,PP,1981,004C,
2A,2A,27.96,69.1,4/25/1981,PP,1981,002A,
1B,1B,12.01,29.69,4/23/1981,PP,1981,001B,
4A,4A,18.84,46.56,5/3/1980,PP,1980,004A,
N4A,N4A,4,11,5/3/1980,WU,1980,N04A,
R1A,3B3UA,29.124,71.966,5/3/1980,PP,1980,033A,
WB,4G,12.33,30.46,5/1/1980,PP,1980,004G,
R1A,UA,8.039,19.865,4/30/1980,WU,1980,020A,
R20A,1A,26.332,65.068,4/30/1980,PP,1980,001A,
1B,1B,7.97,19.69,4/29/1980,PP,1980,001B,north portion
20C,UC,4.78,11.81,4/29/1980,WU,1980,020C,
R20B,1C,12.315,30.431,4/29/1980,PP,1980,001C,
SuA,10C,2.57,6.351,4/29/1980,WU,1980,010C,
SuA,3U3BC,11.8,29.17,4/29/1980,WU,1980,033C,
1B,1B,4.16,10.28,4/28/1980,PP,1980,001B,south portion
1D,1D,41.55,102.67,4/28/1980,PP,1980,001D,
2B,2B,6.08,15.02,4/28/1980,PP,1980,002B,
20C,3B3UD,5.7,14.09,4/28/1980,PP,1980,033D,
R1B,4H,20,49,4/28/1980,PP,1980,004H,
AL,unassigned ,12.85,31.74,4/26/1980,PP,1980,N/A,
AL - SC,unassigned ,21.13,52.2,4/26/1980,PP,1980,N/A,
C1SB,Texas Hog Pasture,69.81,172.51,4/26/1980,PP,1980,N/A,
C3SC,unassigned ,127.02,313.873,4/26/1980,PP,1980,N/A,
C3SB,unassigned ,226.27,559.124,4/26/1980,PP,1980,N/A,
C3SA,unassigned ,102.076,252.235,4/26/1980,PP,1980,N/A,
C3A,unassigned ,48.73,120.41,4/26/1980,PP,1980,N/A,
C3B,unassigned ,10,24.71,4/26/1980,PP,1980,N/A,
K1A,unassigned ,104.859,259.112,4/26/1980,PP,1980,N/A,
N1A,unassigned ,37.321,92.222,4/26/1980,PP,1980,N/A,
K4A,unassigned ,53.161,131.363,4/26/1980,PP,1980,N/A,
K2A,unassigned ,66.1,163.336,4/26/1980,PP,1980,N/A,
K1B,unassigned ,181.177,447.697,4/26/1980,PP,1980,N/A,
Nature Trail,unassigned ,95.418,235.783,4/26/1980,PP,1980,N/A,
K20A,unassigned ,83.13,205.418,4/26/1980,PP,1980,N/A,
N4B,unassigned ,56.775,140.293,4/26/1980,PP,1980,N/A,
White Pasture,White Pasture,166.82,412.22,4/26/1980,PP,1980,WHIT,
N20B,unassigned ,84.364,208.467,4/26/1980,PP,1980,N/A,
HQD,unassigned ,24.372,60.224,4/22/1980,PP,1980,N/A,
HQC,unassigned ,17.48,43.194,4/22/1980,PP,1980,N/A,
HQB,unassigned ,11.379,28.117,4/22/1980,PP,1980,N/A,
HQA,unassigned ,6.762,16.708,4/22/1980,PP,1980,N/A,
N2A,unassigned ,8.32,20.558,4/22/1980,PP,1980,N/A,
2D,2D,29,71,3/20/1980,WP,1980,002D,
C1A,CR3B-3U,93.78,231.73,3/20/1980,WU,1980,C02B,
C3A,C4A,24,59,3/20/1980,WU,1980,C04A,
C3B,C1B,75,185.33,3/20/1980,WU,1980,C01B,
C3C,unassigned ,102.956,254.409,3/20/1980,WU,1980,N/A,
R1B,UD,36.42,89.996,3/20/1980,WU,1980,020D,
Nature Trail,unassigned ,77.779,192.197,4/28/1979,PP,1979,N/A,
K1A,unassigned ,10.519,25.993,4/28/1979,PP,1979,N/A,
N2A,unassigned ,11.376,28.111,4/27/1979,PP,1979,N/A,
HQA,unassigned ,11.634,28.747,4/27/1979,PP,1979,N/A,
HQB,unassigned ,14.83,36.646,4/27/1979,PP,1979,N/A,
HQC,unassigned ,17.48,43.194,4/27/1979,PP,1979,N/A,
HQD,unassigned ,20.939,51.741,4/27/1979,PP,1979,N/A,
R20A,1A,26.332,65.068,4/26/1979,PP,1979,001A,
R20B,1C,12.315,30.431,4/26/1979,PP,1979,001C,
FA,4E,11.089,27.402,4/26/1979,PP,1979,004E,
4B,4B,54.5,134.67,4/26/1979,PP,1979,004B,
20C,3B3UD,5.7,14.09,4/26/1979,PP,1979,033D,
2A,2A,27.96,69.1,4/26/1979,PP,1979,002A,
1D,1D,41.55,102.67,4/26/1979,PP,1979,001D,
1B,1B,12.01,29.69,4/26/1979,PP,1979,001B,
2C,2C,22.95,56.72,4/26/1979,PP,1979,002C,
White Pasture,White Pasture,166.82,412.22,4/24/1979,PP,1979,WHIT,
C3SC,Unassigned,35.404,87.486,4/24/1979,PP,1979,N/A,
2D,2D,48.41,119.62,5/2/1978,PP,1978,002D,
1D,1D,41.55,102.67,5/2/1978,PP,1978,001D,
20C,3B3UD,5.7,14.09,5/2/1978,PP,1978,033D,
R1B,4H,3.377,8.345,5/2/1978,PP,1978,004H,
SpB,4D,20.366,50.325,4/29/1978,PP,1978,004D,
SpB,pre-1988 WB,15.374,37.989,4/29/1978,PP,1978,099B,
R20A,1A,26.332,65.068,4/28/1978,PP,1978,001A,
1B,1B,7.97,19.69,4/27/1978,PP,1978,001B,north portion
1B,pre-1988 WA,16.73,41.34,4/26/1978,PP,1978,099A,
2B,2B,6.08,15.02,4/26/1978,PP,1978,002B,
1B,1B,4.16,10.28,4/25/1978,PP,1978,001B,south portion
FB,WC,11.181,27.628,4/24/1978,PP,1978,099C,
R20B,1C,12.315,30.431,4/23/1978,PP,1978,001C,
SpB,10B,3.014,7.447,4/21/1978,WU,1978,010B,
R20A,1A,26.332,65.068,4/23/1977,PP,1977,001A,
SuA,pre-1978 2D,7.568,18.701,4/23/1977,PP,1977,002D,
SpA,pre-1978 2B,1.552,3.836,4/23/1977,PP,1977,002B,
R20B,1C,12.315,30.431,4/23/1977,PP,1977,001C,
20C,pre-1978 1D,5.81,14.36,4/23/1977,PP,1977,001D,
2B,2B,6.08,15.02,4/23/1977,PP,1977,002B,
2A,2A,26.02,64.3,4/23/1977,PP,1977,002A,
1B,1B,12.01,29.69,4/23/1977,PP,1977,001B,
2C,2C,22.95,56.72,4/23/1977,PP,1977,002C,
2B,2B,1.56,3.84,11/15/1976,WU,1976,002B,
20C,pre-1978 1D,5.97,14.75,4/27/1976,PP,1976,001D,
R20A,1A,26.332,65.068,4/27/1976,PP,1976,001A,
1B,1B,12.01,29.69,4/26/1976,PP,1976,001B,
R20B,1C,12.315,30.431,4/26/1976,PP,1976,001C,
R20A,1A,26.332,65.068,5/3/1975,PP,1975,001A,
WA,pre-1978 4C,9.221,22.786,5/3/1975,PP,1975,004C,
SpA,pre-1978 4B,14.922,36.872,5/3/1975,PP,1975,004B,
R20B,1C,12.315,30.431,5/3/1975,PP,1975,001C,
20B,pre-1978 4C,2.625,6.486,5/3/1975,PP,1975,004C,
2B,2B,1,2.46,5/3/1975,PP,1975,002B,
2A,2A,26.02,64.3,5/3/1975,PP,1975,002A,
1B,1B,12.01,29.69,5/3/1975,PP,1975,001B,
1B,pre-1978 4A,16.41,40.55,5/3/1975,PP,1975,004A,
2C,2C,5,12.3,5/3/1975,PP,1975,002C,
4B,pre-1978 4A,2.09,5.164,5/3/1975,PP,1975,004A,
SpA,pre-1978 2B,1.55,3.83,5/1/1975,PP,1975,002B,
2B,2B,5.08,12.56,5/1/1975,PP,1975,002B,
2C,2C,17.95,44.42,5/1/1975,PP,1975,002C,
SuA,pre-1978 2D,7.568,18.701,4/30/1975,PP,1975,002D,
WB,pre-1978 4D,11.55,28.55,4/30/1975,PP,1975,004D,
20C,pre-1978 1D,6.13,15.14,4/30/1975,PP,1975,001D,
R20B,1C,12.315,30.431,5/1/1974,PP,1974,001C,
1B,1B,11.07,27.36,4/30/1974,PP,1974,001B,
SpB,pre-1978 WB,14.039,34.691,4/30/1974,PP,1974,099B,
R20A,1A,26.332,65.068,4/30/1974,PP,1974,001A,
20C,pre-1978 1D,8.39,20.73,4/27/1974,PP,1974,001D,
R20A,1A,12.43,30.715,5/8/1973,WU,1973,001A,
R1A,UA,14.414,35.617,5/8/1973,WU,1973,00UA,
R1A,pre-1978 WA,6.685,16.519,5/8/1973,WU,1973,099A,
R1A,unassigned ,7.456,18.425,5/8/1973,WU,1973,N/A,
2A,2A,16.64,41.11,5/8/1973,WU,1973,002A,
1B,pre-1978 4A,7.02,17.35,5/8/1973,WU,1973,004A,
4A,unassigned ,10.13,25.02,5/8/1973,WU,1973,N/A,
SpA,pre-1978 2B,1.552,3.836,5/3/1973,PP,1973,002B,
2B,2B,6.08,15.02,5/3/1973,PP,1973,002B,
1B,1B,11.07,27.36,5/3/1973,PP,1973,001B,
SuA,WC,0.869,2.148,4/28/1973,PU,1973,099C,
R20B,1C,2.32,6.43,4/28/1973,PP,1973,001C,
2C,2C,22.95,56.72,4/28/1973,PP ,1973,002C,
SuA,pre-1978 2D,7.568,18.701,4/23/1973,WP,1973,002D,
SuA,pre-1978 10D,14.416,35.623,4/23/1973,WU,1973,010D,
WA,pre-1978 4C,9.221,22.786,4/23/1973,WU,1973,004C,
WA,unassigned ,2.378,5.877,4/23/1973,WU,1973,N/A,
SuB,WC,4.107,10.148,4/23/1973,WU,1973,099C,
SuB,unassigned ,2.369,5.853,4/23/1973,WU,1973,N/A,
WB,pre-1978 4D,11.55,28.55,4/23/1973,WU,1973,004D,
R20B,1C,10,24,4/23/1973,WP,1973,001C,
N4D,10C,2.69,6.647,4/23/1973,WU,1973,010C,
N4D,unassigned ,4.568,11.287,4/23/1973,WU,1973,N/A,
20B,pre-1978 4C,2.62,6.47,4/23/1973,WU,1973,004C,
20B,pre-1978 UC,6.13,15.14,4/23/1973,WU,1973,00UC,
20B,unassigned,14.84,36.67,4/23/1973,WU,1973,N/A,
N1B,N1B,1,2,4/23/1973,WU,1973,N01B,
20C,pre-1978 1D,5.13,12.68,4/23/1973,PU ,1973,001D,
20C,pre-1978 1D,0.86,2.13,4/23/1973,WU,1973,001D,
20C,pre-1978 UD,11.28,27.88,4/23/1973,WU,1973,00UD,
20C,WD,6.53,16.14,4/23/1973,WU,1973,099D,
2C,2C,9,22,4/23/1973,WP,1973,002C,
4F,pre-1978 WC,7.01,17.32,4/23/1973,WU,1973,00WC,
4F,unassigned ,4.07,10.06,4/23/1973,WU,1973,N/A,
FB,WC,11.181,27.628,4/23/1973,WU,1973,099C,
FA,pre-1978 UC,11.089,27.402,4/23/1973,WU,1973,00UC,
20C,pre-1978 1D,8.39,20.72,4/23/1972,PP,1972,001D,
R20B,1C,12.315,30.431,4/23/1972,PP,1972,001C,
1B,1B,8.26,20.4,4/22/1972,PP,1972,001B,
R20A,1A,26.332,65.068,4/22/1972,PP,1972,001A,
