"species","count","type","PLANTS Symbol","PLANTS Synonym"
"Agropyron smithii",473,"c3","PASM","AGSM"
"Allium drummondii",62,"forb","ALDR",
"Allium spp.",18,"forb","ALLIU",
"Ambrosia psilostachya",11591,"forb","AMPS",
"Ambrosia spp.",2,"forb","AMBRO",
"Amorpha canescens",106,"shrub","AMCA6",
"Andropogon gerardii",12062,"c4","ANGE",
"Anethum graveolens",3,"annual","ANGR2",
"Arenaria stricta",134,"forb","MIMIM","ARST8"
"Aristida longiseta",1592,"c4","ARPUL","ARLO3"
"Aristida purpurea",243,"c4","ARPU9",
"Asclepias pumila",49,"forb","ASPU",
"Asclepias viridiflora",1,"forb","ASVI",
"Asclepias viridis",1,"forb","ASVI2",
"Aster ericoides",414,"forb","SYERE","ASER3"
"Aster fendleri",120,"forb","SYFE","ASFE"
"Aster oblongifolius",68,"forb","SYOB","ASOB2"
"Astragalus mollissimus",1,"forb","ASMO7",
"Bare ground",13418,"remove","2BARE",
"Bouteloua curtipendula",15429,"c4","BOCU",
"Bouteloua gracilis",47148,"shortgrass","BOGR2",
"Bouteloua hirsuta",1994,"shortgrass","BOHI2",
"Brickellia eupatorioides",8,"forb","BREU",
"Bromus japonicus",25,"annual","BRAR5","BRJA"
"Buchloe dactyloides",31063,"shortgrass","BODA2","BUDA"
"Callirhoe involucrata",47,"forb","CAIN2",
"Calylophus lavandulifolius",24,"forb","CALA38",
"Calylophus serrulatus",255,"forb","CASE12",
"Carex gravida",81,"c3","CAGR4",
"Carex heliophila",40,"c3","CAINH2",
"Carex praegracilis",11,"c3","CAPR5","CAHE5"
"Carex spp.",167,"c3","CAREX",
"Castilleja sessiliflora",1,"forb","CASE5",
"Chamaesaracha spp",3,"annual","CHAMA8",
"Chamaesyce polygonifolia",47,"forb","CHPO6",
"Chamaesyce spp.",10,"forb","CHAMA15",
"Chamaesyce stictospora",12,"forb","CHST8",
"Chenopodium album",121,"forb","CHAL7",
"Chenopodium leptophyllum",1,"forb","CHLE4",
"Chloris verticillata",15,"c4","CHVE2",
"Chloris virgata",1,"c4","CHVI4",
"Cirsium ochrocentrum",21,"forb","CIOC2",
"Cirsium undulatum",624,"forb","CIUN",
"Comandra umbellata",1,"forb","COUM",
"Conyza canadensis",117,"annual","COCA5",
"Croton monanthogynus",31,"annual","CRMO6",
"Croton texensis",9,"annual","CRTE4",
"Dalea candida",15,"forb","DACA7",
"Dalea purpurea",226,"forb","DAPU5",
"Echinacea angustifolia",416,"forb","ECAN2",
"Echinacea pallida",32,"forb","ECPA",
"Elymus canadensis",43,"c4","ELCA4",
"Erigeron strigosus",30,"forb","ERST3",
"Erysimum asperum",139,"forb","ERAS2",
"Escobaria vivipara",34,"succulent","ESVI2",
"Euphorbia dentata",3,"annual","EUDE4",
"Euphorbia geyeri",32,"annual","CHGEG","EUGE"
"Euphorbia marginata",5,"annual","EUMA8",
"Euphorbia spathulata",6,"annual","EUSP",
"Evolvulus nuttallianus",142,"forb","EVNU",
"Festuca octoflora",22,"annual","VUOCO","FEOC3"
"Fragment",139,"remove",,
"Gaura coccinea",220,"forb","GACO5",
"Grindelia squarrosa",5,"forb","GRSQ",
"Gutierrezia sarothrae",376,"shrub","GUSA2",
"Haplopappus spinulosus",48,"forb","MAPIP4","HASP3"
"Hedeoma drummondii",4,"forb","HEDR",
"Hedeoma hispida",40,"annual","HEHI",
"Hedyotis nigricans",728,"forb","STNIN","HENI4"
"Helianthus annuus",218,"annual","HEAN3",
"Helianthus maximiliani",63,"forb","HEMA2",
"Helianthus petiolaris",2,"annual","HEPE",
"Hordeum pusillum",4,"annual","HOPU",
"Hybanthus verticillatus",42,"forb","HYVE",
"Hymenopappus corymbosus",43,"biennial","HYSCC","HYCO10"
"Hymenoxys scaposa",201,"forb","TESCS","HYSC3"
"Kochia scoparia",12,"annual","BASC5","KOSC"
"Lactuca ludoviciana",83,"biennial","LALU",
"Lactuca serriola",6,"annual","LASE",
"Leonurus cardiaca",8,"annual","LECA2",
"Lepidium campestre",5,"annual","LECA5",
"Lepidium densiflorum",3,"biennial","LEDE",
"Lesquerella ovalifolia",938,"forb","LEOV",
"Leucelene ericoides",527,"forb","CHER2","LEER"
"Liatris punctata",219,"forb","LIPU",
"Linum rigidum",7,"annual","LIRI",
"Linum sulcatum",5,"annual","LISU4",
"Lithospermum incisum",24,"forb","LIIN2",
"Lomatium macrocarpum",3,"forb","LOMA3",
"Mammillaria vivipara",1,"succulent","ESVIV","MAVI8"
"Megapterium fremontii",1,"forb","OEMAF","MEFR3"
"Mentzelia decapetala",18,"forb","MEDE2",
"Mentzelia oligosperma",1,"forb","MEOL",
"Mirabilis linearis",15,"forb","MILI3",
"Mixed grass",6,"remove","2GRAM",
"Muhlenbergia cuspidata",3,"c3","MUCU3",
"Oenothera macrocarpa",12,"forb","OEMA",
"Onosmodium molle",2,"forb","ONBEB",
"Opuntia humifusa",92,"succulent","OPHU",
"Opuntia macrorhiza",71,"succulent","OPMA2",
"Opuntia spp.",12,"succulent","OPUNT","ONMO"
"Oxalis spp.",4,"forb","OXALI",
"Oxalis stricta",181,"forb","OXST",
"Oxytropis lambertii",6,"forb","OXLA3",
"Panicum capillare",20,"annual","PACA6",
"Panicum virgatum",610,"c4","PAVI2",
"Paronychia jamesii",1062,"forb","PAJA",
"Penstemon albidus",5,"forb","PEAL2",
"Plantago patagonica",308,"annual","PLPA2",
"Plantago rhodosperma",1,"annual","PLRH",
"Poa arachnifera",3,"c3","POAR",
"Polygala alba",22,"forb","POAL4",
"Polygala spp.",32,"Forb","POLYG",
"Polygala verticillata",146,"annual","POVE",
"Polygonum spp.",1,"remove","POLYG4",
"Psoralea cuspidata",1,"forb","PECU3",
"Psoralea tenuiflora",3419,"forb","PSTE5",
"Ratibida columnifera",836,"forb","RACO3",
"Rhus aromatica",1,"shrub","RHAR4","PSCU"
"Salix pedicellaris",7,"shrub","SAPE2","PSTE3"
"Salsola iberica",94,"annual","SATR12",
"Salvia azurea",6,"forb","SAAZ",
"Schedonnardus paniculatus",44,"c4","SCPA",
"Schizachyrium scoparium",3312,"c4","SCSC","SAIB"
"Schrankia uncinata",131,"forb","MIMI22",
"Scutellaria resinosa",268,"forb","SCRE3",
"Senecio plattensis",32,"biennial","PAPL12",
"Short grass",1708,"shortgrass","2GP","SCUN"
"Silene antirrhina",4,"annual","SIAN2",
"Sitanion hystrix",183,"c3","ELELE","SEPL"
"Solanum rostratum",9,"annual","SORO",
"Solidago glaberrima",477,"forb","SOMIF",
"Solidago mollis",2137,"forb","SOMO","SIHY"
"Solidago rigida",309,"forb","OLRIR",
"Solidago spp.",20,"forb","SOLID","SOGL4"
"Sorghastrum nutans",11,"c4","SONU2",
"Sphaeralcea coccinea",967,"forb","SPCO","SORI2"
"Sporobolus asper",629,"c4","SPCOC2",
"Sporobolus cryptandrus",1487,"c4","SPCR",
"Sporobolus neglectus",2,"c4","SPNE2",
"Stenosiphon linifolius",25,"biennial","STLI2","SPAS"
"Thelesperma megapotamicum",607,"forb","THME",
"Townsendia exscapa",16,"forb","TOEX2",
"Tragia ramosa",279,"forb","TRRA5",
"Tragopogon pratensis",26,"biennial","TRLA30",
"Tridens flavus",1,"c4","TRFL2",
"Unknown",928,"remove","2PLANT",
"Verbena bipinnatifida",3,"forb","GLBIB","TRPR"
"Verbena bracteata",1,"forb","VEBR",
"Vicia americana",1,"forb","VIAM",
"Yucca glauca",2,"shrub","YUGL","VEBI"
